objectid,title,type,date,archival_date,towns_covered,county_covered,display_template,format,digitized
directories0001,Aberdeen,phone book,1957,1957,Aberdeen; Springfield,,record,record,yes
directories0002,Aberdeen,phone book,1959,1959,Aberdeen; Springfield,,record,record,yes
directories0003,Aberdeen,phone book,1960,1960,Aberdeen; Springfield,,record,record,yes
directories0004,Aberdeen,phone book,1967,1967,Aberdeen; Springfield,,record,record,no
directories0005,Aberdeen,phone book,1969,1969,Aberdeen; Springfield,,record,record,no
directories0006,Aberdeen,phone book,1977,1977,Aberdeen; Springfield,,record,record,no
directories0007,Aberdeen,phone book,1981,1981,Aberdeen; Springfield,,record,record,no
directories0008,Aberdeen,phone book,1972,1972,Aberdeen; Springfield,,record,record,no
directories0009,Aberdeen,phone book,1973,1973,Aberdeen; Springfield,,record,record,no
directories0010,Aberdeen,phone book,1976,1976,Aberdeen; Springfield,,record,record,no
directories0011,Aberdeen,phone book,1982,1982,Aberdeen; Springfield,,record,record,no
directories0012,Aberdeen,phone book,1985,1985,Aberdeen; Springfield,,record,record,no
directories0013,Aberdeen,phone book,1986,1986,Aberdeen; Springfield,,record,record,no
directories0014,Aberdeen,phone book,1987,1987,Aberdeen; Springfield,,record,record,no
directories0015,Aberdeen,phone book,1988,1988,Aberdeen; Springfield,,record,record,no
directories0016,Aberdeen,phone book,1990,1990-1991,Aberdeen; Springfield,,record,record,no
directories0017,Aberdeen,phone book,1991,1991-1992,Aberdeen; Springfield,,record,record,no
directories0018,Aberdeen,phone book,1992,1992,Aberdeen; Springfield,,record,record,no
directories0019,American Falls,phone book,1953,1953,American Falls; Rockland; Aberdeen,,record,record,yes
directories0020,American Falls,phone book,1955,1955,American Falls; Rockland,,record,record,yes
directories0021,American Falls,phone book,1958,1958,American Falls; Rockland,,record,record,yes
directories0022,American Falls,phone book,1959,1959,American Falls; Rockland,,record,record,yes
directories0023,American Falls,phone book,1960,1960,American Falls; Rockland,,record,record,yes
directories0024,American Falls,phone book,1961,1961,American Falls; Rockland,,record,record,yes
directories0025,American Falls,phone book,1962,1962,American Falls; Rockland,,record,record,yes
directories0026,American Falls,phone book,1965,1965,American Falls; Rockland,,record,record,no
directories0027,American Falls,phone book,1967,1967,American Falls; Rockland,,record,record,no
directories0028,American Falls,phone book,1968,1968,American Falls; Rockland,,record,record,no
directories0029,American Falls,phone book,1970,1970,American Falls; Rockland,,record,record,no
directories0030,Arco,phone book,1952,1952,Arco; Mackay; Challis; Leslie; Darlington; Howe; Clayton; Moore,,record,record,no
directories0031,Arco,phone book,1954,1954,Arco; Mackay; Challis; Moore; Howe; Chilly; Leslie; Darlington,,record,record,no
directories0032,Arco,phone book,1956,1956,Arco; Mackay; Challis; Moore; Darlington; Chilly; Leslie,,record,record,no
directories0033,Arco,phone book,1957,1957,Arco; Mackay; Challis; May; Moore; Clayton; Leslie; Chilly; Darlington,,record,record,no
directories0034,Arco,phone book,1958,1958,Arco; Mackay; Challis; May; Moore; Clayton; Howe; Chilly; Leslie; Darlington; Patterson; Ellis,,record,record,no
directories0035,Arco,phone book,1960,1960,Arco; Mackay; Challis; May; Moore; Butte City; Darlington; Clayton; Howe; Chilly; Leslie; Ellis; Patterson,,record,record,no
directories0036,Arco,phone book,1961,1961,Arco; Mackay; Challis; May; Moore; Butte City; Clayton; Ellis; Patterson; Howe; Chilly; Leslie; Darlington; Barton Flat,,record,record,no
directories0037,Arco,phone book,1962,1962,Arco; Mackay; Challis; May; Moore; Butte City; Clayton; Ellis; Chilly; Howe; Darlington; Leslie; Barton Flat,,record,record,no
directories0038,Arco,phone book,1963,1963,Arco; Mackay; Challis; May; Moore; Darlington; Butte City; Howe; Ellis; Clayton; Patterson; Chilly; Leslie; Barton Flat,,record,record,no
directories0039,Arco,phone book,1965,1965,Arco; Mackay; Challis; May; Moore; Butte City; Ellis; Clayton; Chilly; Howe; Darlington; Leslie,,record,record,no
directories0040,Arco,phone book,1967,1967,Arco; Mackay; Challis; Clayton; May; Moore; Clayton; Ellis; Howe; Chilly; Darlington; Leslie,,record,record,no
directories0041,Arco,phone book,1968,1968,Arco; Challis; Clayton; Howe; Mackay; May; Moore; Challis; Clayton; Howe; Chilly; Darlington; Leslie,,record,record,no
directories0042,Arco,phone book,1969,1969,Arco; Challis; Clayton; Howe; Mackay; May; Moore; Challis; Clayton; Howe; Chilly; Darlington; Leslie,,record,record,no
directories0043,Arco,phone book,1973,1973,Arco; Challis; Clayton; Howe; Mackay; May; Moore; Howe; Challis; Clayton; Leslie; Darlington; Chilly,,record,record,no
directories0044,Blackfoot,phone book,1924,1924,Blackfoot; Arco; Mackay; Moore; Riverside; Thomas; Rose; Moreland; Pingree; Rockford; Groveland; Wapello; Leslie; Darlington; Chilly,,record,record,no
directories0045,Blackfoot,phone book,1951,1951,Blackfoot; Arco; Mackay; Challis; Springfield; Pingree; Rockford; Riverside; Groveland; Wapello; Moreland; Rose; Thomas; Lavaside; Kimball; Moore; Clayton; Darlington; Leslie,,record,record,no
directories0046,Blackfoot,phone book,1954,1954,Blackfoot; Springfield; Riverside; Groveland; Wapello; Moreland; Thomas; Wapello; Pingree; Rockford; Lavaside; Firth; Kimball; Atomic City; Sterling,,record,record,no
directories0047,Blackfoot,phone book,1956,1956,Blackfoot; Springfield; Pingree; Wapello; Rockford; Riverton; Groveland; Moreland; Thomas; Rose; Riverside; McDonaldville; Gibson; Lavaside; Moreland; Sterling,,record,record,no
directories0048,Blackfoot,phone book,1957,1957,Blackfoot; Rose; Riverside; Thomas; Groveland; Moreland; Lavaside; Pingree; McDonaldville; Kimball; Rockford; Wapello,,record,record,no
directories0049,Blackfoot,phone book,1958,1958,Blackfoot; Moreland; Riverside; Rockford; Groveland; Thomas; Pingree; Wapello; Kimball; Rose; Lavaside,,record,record,no
directories0050,Blackfoot,Polk,1960,1960,Blackfoot; Aberdeen; Ashton; Atomic City; Basalt; Challis; Firth; Fort Hall; Goshen; Groveland; Howe; Moreland; Pingree; Rigby; Riverside; Roberts; Shelley; Springfield; Sterling; Sugar City; Thomas; Ucon; Wapello; Woodville,Bingham County,record,record,no
directories0051,Blackfoot,phone book,1960,1960,Blackfoot; Groveland; Moreland; Thomas; Riverside; Firth; Wapello; Rockford; Lavaside; Kimball; Rose; Pingree; Gibson,,record,record,no
directories0052,Blackfoot,phone book,1961,1961,Blackfoot; Rockford; Moreland; Groveland; Riverside; Wapello; Pingree; Riverton; Thomas; Atomic City; Firth; Rockford; Gibson,,record,record,no
directories0053,Blackfoot,phone book,1962,1962,Blackfoot; Groveland; Lavaside; Pingree; Moreland; Rockford; Riverton; Wapello; Thomas; Riverside; Rose; McDonaldville; Pendlebury; Kimball; Atomic City,,record,record,no
directories0054,Blackfoot,phone book,1963,1963,Blackfoot; Moreland; Groveland; Firth; Pingree; Thomas; Riverton; Riverside; Lavaside; Wapello; Rockford; Rose; Gibson,,record,record,no
directories0055,Blackfoot,phone book,1965,1965,Blackfoot; Wapello; Groveland; Moreland; Rose; Pingree; Kimball; Riverside; Riverton; Gibson; Taber; Rockford; Firth,,record,record,no
directories0056,Blackfoot,phone book,1967,1967,Blackfoot; Basalt; Collins; Firth; Gibson; Goshen; Groveland; Jameston; Kimball; Lavaside; McDonaldville; Moreland; Pingree; Riverside; Riverton; Rockford; Rose; Shelley; Taber; Taylor; Taylorville; Thomas; Wapello; Woodville,,record,record,no
directories0057,Blackfoot,phone book,1968,1968,Blackfoot; Basalt; Collins; Firth; Gibson; Goshen; Groveland; Jameston; Kimball; Lavaside; McDonaldville; Moreland; Pingree; Riverside; Riverton; Rockford; Rose; Shelley; Taber; Taylor; Taylorville; Thomas; Wapello; Woodville,,record,record,no
directories0058,Blackfoot,phone book,1970,1970,Blackfoot; Basalt; Collins; Firth; Gibson; Goshen; Groveland; Jameston; Kimball; Lavaside; McDonaldville; Moreland; Pingree; Riverside; Riverton; Rockford; Rose; Shelley; Taber; Taylor; Taylorville; Thomas; Wapello; Woodville,,record,record,no
directories0059,Blackfoot,Polk,1971,1971,Blackfoot; Aberdeen; Ashton; Atomic City; Basalt; Challis; Firth; Fort Hall; Goshen; Groveland; Howe; Moreland; Pingree; Rigby; Riverside; Roberts; Shelley; Springfield; Sterling; Sugar City; Thomas; Ucon; Wapello; Woodville,Bingham County,record,record,no
directories0060,Blackfoot,phone book,1972,1972,Blackfoot; Basalt; Collins; Firth; Gibson; Goshen; Groveland; Jameston; Kimball; Lavaside; McDonaldville; Moreland; Pingree; Riverside; Riverton; Rockford; Rose; Shelley; Taber; Taylor; Taylorville; Thomas; Wapello; Woodville,,record,record,no
directories0061,Blackfoot,phone book,1973,1973,Blackfoot; Basalt; Collins; Firth; Gibson; Goshen; Groveland; Jameston; Kimball; Lavaside; McDonaldville; Moreland; Pingree; Riverside; Riverton; Rockford; Rose; Shelley; Taber; Taylor; Taylorville; Thomas; Wapello; Woodville,,record,record,no
directories0062,Blackfoot,Polk,1973,1973,Blackfoot; Aberdeen; Ashton; Atomic City; Basalt; Challis; Firth; Fort Hall; Goshen; Groveland; Howe; Moreland; Pingree; Rigby; Riverside; Roberts; Shelley; Springfield; Sterling; Sugar City; Thomas; Ucon; Wapello; Woodville,Bingham County,record,record,no
directories0063,Blackfoot,phone book,1974,1974,Blackfoot; Basalt; Collins; Firth; Gibson; Goshen; Groveland; Jameston; Kimball; Lavaside; McDonaldville; Moreland; Pingree; Riverside; Riverton; Rockford; Rose; Shelley; Taber; Taylor; Taylorville; Thomas; Wapello; Woodville,,record,record,no
directories0064,Blackfoot,Polk,1974,1974,Blackfoot; Aberdeen; Ashton; Atomic City; Basalt; Challis; Firth; Fort Hall; Goshen; Groveland; Howe; Moreland; Pingree; Rigby; Riverside; Roberts; Shelley; Springfield; Sterling; Sugar City; Thomas; Ucon; Wapello; Woodville,Bingham County,record,record,no
directories0065,Blackfoot,phone book,1975,1975,Blackfoot; Basalt; Collins; Firth; Gibson; Goshen; Groveland; Jameston; Kimball; Lavaside; McDonaldville; Moreland; Pingree; Riverside; Riverton; Rockford; Rose; Shelley; Taber; Taylor; Taylorville; Thomas; Wapello; Woodville,,record,record,no
directories0066,Blackfoot,phone book,1976,1976,Blackfoot; Basalt; Collins; Firth; Gibson; Goshen; Groveland; Jameston; Kimball; Lavaside; McDonaldville; Moreland; Pingree; Riverside; Riverton; Rockford; Rose; Shelley; Taber; Taylor; Taylorville; Thomas; Wapello; Woodville,,record,record,no
directories0067,Blackfoot,phone book,1977,1977,Blackfoot; Basalt; Collins; Firth; Gibson; Goshen; Groveland; Jameston; Kimball; Lavaside; McDonaldville; Moreland; Pingree; Riverside; Riverton; Rockford; Rose; Shelley; Taber; Taylor; Taylorville; Thomas; Wapello; Woodville,,record,record,no
directories0068,Blackfoot,phone book,1978,1978,Blackfoot; Basalt; Collins; Firth; Gibson; Goshen; Groveland; Jameston; Kimball; Lavaside; McDonaldville; Moreland; Pingree; Riverside; Riverton; Rockford; Rose; Shelley; Taber; Taylor; Taylorville; Thomas; Wapello; Woodville,,record,record,no
directories0069,Blackfoot,phone book,1981,1981,Blackfoot; Basalt; Collins; Firth; Gibson; Goshen; Groveland; Jameston; Kimball; Lavaside; McDonaldville; Moreland; Pingree; Riverside; Riverton; Rockford; Rose; Shelley; Taber; Taylor; Taylorville; Thomas; Wapello; Woodville,,record,record,no
directories0070,Blackfoot,phone book,1982,1982,Blackfoot; Basalt; Collins; Firth; Gibson; Goshen; Groveland; Jameston; Kimball; Lavaside; McDonaldville; Moreland; Pingree; Riverside; Riverton; Rockford; Rose; Shelley; Taber; Taylor; Taylorville; Thomas; Wapello; Woodville,,record,record,no
directories0071,Blackfoot,phone book,1984,1984,Blackfoot; Basalt; Collins; Firth; Gibson; Goshen; Groveland; Jameston; Kimball; Lavaside; McDonaldville; Moreland; Pingree; Riverside; Riverton; Rockford; Rose; Shelley; Taber; Taylor; Taylorville; Thomas; Wapello; Woodville,,record,record,no
directories0072,Blackfoot,phone book,1985,1985,Blackfoot; Basalt; Collins; Firth; Gibson; Goshen; Groveland; Jameston; Kimball; Lavaside; McDonaldville; Moreland; Pingree; Riverside; Riverton; Rockford; Rose; Shelley; Taber; Taylor; Taylorville; Thomas; Wapello; Woodville,,record,record,no
directories0073,Blackfoot,Polk,1986,1986,Blackfoot; Aberdeen; Ashton; Atomic City; Basalt; Challis; Firth; Fort Hall; Goshen; Groveland; Howe; Moreland; Pingree; Rigby; Riverside; Roberts; Shelley; Springfield; Sterling; Sugar City; Thomas; Ucon; Wapello; Woodville,Bingham County,record,record,no
directories0074,Blackfoot,phone book,1987,1987-1988,Blackfoot; Basalt; Collins; Firth; Gibson; Goshen; Groveland; Jameston; Kimball; Lavaside; McDonaldville; Moreland; Pingree; Riverside; Riverton; Rockford; Rose; Shelley; Taber; Taylor; Taylorville; Thomas; Wapello; Woodville,,record,record,no
directories0075,Blackfoot,Polk,1987,1987-1988,Blackfoot; Aberdeen; Ashton; Atomic City; Basalt; Challis; Firth; Fort Hall; Goshen; Groveland; Howe; Moreland; Pingree; Rigby; Riverside; Roberts; Shelley; Springfield; Sterling; Sugar City; Thomas; Ucon; Wapello; Woodville,Bingham County,record,record,no
directories0076,Blackfoot,phone book,1988,1988-1989,Blackfoot; Aberdeen; Ashton; Atomic City; Basalt; Challis; Firth; Fort Hall; Goshen; Groveland; Howe; Moreland; Pingree; Rigby; Riverside; Roberts; Shelley; Springfield; Sterling; Sugar City; Thomas; Ucon; Wapello; Woodville,,record,record,no
directories0077,Blackfoot,phone book,1990,1990-1991,Blackfoot; Aberdeen; Ashton; Atomic City; Basalt; Challis; Firth; Fort Hall; Goshen; Groveland; Howe; Moreland; Pingree; Rigby; Riverside; Roberts; Shelley; Springfield; Sterling; Sugar City; Thomas; Ucon; Wapello; Woodville,,record,record,no
directories0078,Blackfoot,phone book,1991,1991-1992,Blackfoot; Aberdeen; Ashton; Atomic City; Basalt; Challis; Firth; Fort Hall; Goshen; Groveland; Howe; Moreland; Pingree; Rigby; Riverside; Roberts; Shelley; Springfield; Sterling; Sugar City; Thomas; Ucon; Wapello; Woodville,,record,record,no
directories0079,Blackfoot,phone book,1992,1992-1993,Blackfoot; Aberdeen; Ashton; Atomic City; Basalt; Challis; Firth; Fort Hall; Goshen; Groveland; Howe; Moreland; Pingree; Rigby; Riverside; Roberts; Shelley; Springfield; Sterling; Sugar City; Thomas; Ucon; Wapello; Woodville,,record,record,no
directories0080,Blackfoot,phone book,1993,1993-1994,Blackfoot; Aberdeen; Ashton; Atomic City; Basalt; Challis; Firth; Fort Hall; Goshen; Groveland; Howe; Moreland; Pingree; Rigby; Riverside; Roberts; Shelley; Springfield; Sterling; Sugar City; Thomas; Ucon; Wapello; Woodville,,record,record,no
directories0081,Blackfoot,phone book,1994,1994-1995,Blackfoot; Aberdeen; Ashton; Atomic City; Basalt; Challis; Firth; Fort Hall; Goshen; Groveland; Howe; Moreland; Pingree; Rigby; Riverside; Roberts; Shelley; Springfield; Sterling; Sugar City; Thomas; Ucon; Wapello; Woodville,,record,record,no
directories0082,Blackfoot,phone book,1995,1995-1996,Blackfoot; Aberdeen; Ashton; Atomic City; Basalt; Challis; Firth; Fort Hall; Goshen; Groveland; Howe; Moreland; Pingree; Rigby; Riverside; Roberts; Shelley; Springfield; Sterling; Sugar City; Thomas; Ucon; Wapello; Woodville,,record,record,no
directories0083,Blackfoot,phone book,1997,1997-1998,Blackfoot; Aberdeen; Ashton; Atomic City; Basalt; Challis; Firth; Fort Hall; Goshen; Groveland; Howe; Moreland; Pingree; Rigby; Riverside; Roberts; Shelley; Springfield; Sterling; Sugar City; Thomas; Ucon; Wapello; Woodville,,record,record,no
directories0084,Blackfoot,phone book,1998,1998-1999,Blackfoot; Aberdeen; Ashton; Atomic City; Basalt; Challis; Firth; Fort Hall; Goshen; Groveland; Howe; Moreland; Pingree; Rigby; Riverside; Roberts; Shelley; Springfield; Sterling; Sugar City; Thomas; Ucon; Wapello; Woodville,,record,record,no
directories0085,Blackfoot,phone book,1999,1999-2000,Blackfoot; Aberdeen; Ashton; Atomic City; Basalt; Challis; Firth; Fort Hall; Goshen; Groveland; Howe; Moreland; Pingree; Rigby; Riverside; Roberts; Shelley; Springfield; Sterling; Sugar City; Thomas; Ucon; Wapello; Woodville,,record,record,no
directories0086,Blackfoot,phone book,2000,2000-2001,Blackfoot; Aberdeen; Ashton; Atomic City; Basalt; Challis; Firth; Fort Hall; Goshen; Groveland; Howe; Moreland; Pingree; Rigby; Riverside; Roberts; Shelley; Springfield; Sterling; Sugar City; Thomas; Ucon; Wapello; Woodville,,record,record,no
directories0087,Blackfoot,phone book,2001,2001-2002,Blackfoot; Aberdeen; Ashton; Atomic City; Basalt; Challis; Firth; Fort Hall; Goshen; Groveland; Howe; Moreland; Pingree; Rigby; Riverside; Roberts; Shelley; Springfield; Sterling; Sugar City; Thomas; Ucon; Wapello; Woodville,,record,record,no
directories0088,Boise,Polk,1934,1934-1935,Boise; Barber; Eagle; Kuna; Mayfield; Meridian; Orchard; Star; Ustick,Ada County,record,record,no
directories0089,Boise,Polk,1939,1939-1940,Boise; Eagle; Kuna; Mayfield; Meridian; Orchard; Star; Ustick,Ada County,record,record,no
directories0090,Boise,Polk,1941,1941,Boise; Eagle; Kuna; Mayfield; Meridian; Orchard; Star; Ustick,Ada County,record,record,no
directories0091,Boise,phone book,1945,1945,Boise; Caldwell; Emmett; Homedale; Idaho City; Meridian; Middleton; Nampa; Parma; Star; Wilder; Ustick; Eagle; Greenleaf; Huston; Notus; Marsing;,,record,record,no
directories0092,Boise,phone book,1947,1947,Boise; Caldwell; Cascade; Donnelly; Emmett; Homedale; Idaho City; Marsing; McCall; Meridian; Middleton; Nampa; New Meadows; Parma; Star; Wilder; Eagle; Ustick; Greenleaf; Huston,,record,record,no
directories0093,Boise,Polk,1948,1948,Boise; Eagle; Kuna; Meridian; Orchard; Star; Ustick,Ada County,record,record,no
directories0094,Boise,phone book,1950,1950,Boise; Caldwell; Cascade; Donnelly; Emmett; Homedale; Idaho City; Marsing; McCall; Meridian; Middleton; Nampa; New Meadows; Parma; Star; Wilder; Eagle; Ustick; Greenleaf; Huston,,record,record,no
directories0095,Boise,Polk,1950,1950,Boise; Eagle; Kuna; Meridian; Orchard; Star; Ustick,Ada County,record,record,no
directories0096,Boise,phone book,1951,1951,Boise; Idaho City; Meridian; Star; Eagle,,record,record,no
directories0097,Boise,phone book,1952,1952,Boise; Idaho City; Meridian; Star; Eagle,,record,record,no
directories0098,Boise,phone book,1953,1953-1954,Boise; Idaho City; Meridian; Star; Eagle,,record,record,no
directories0099,Boise,Polk,1953,1953,Boise; Eagle; Kuna; Meridian; Orchard; Star; Ustick,Ada County,record,record,no
directories0100,Boise,phone book,1955,1955,Boise; Caldwell; Homedale; Idaho City; Kuna; Marsing; Melba; Meridian; Middleton; Nampa; Star; Wilder; Eagle,,record,record,no
directories0101,Boise,Polk,1955,1955,Boise; Eagle; Kuna; Meridian; Orchard; Star; Ustick,Ada County,record,record,no
directories0102,Boise,phone book,1956,1956,Boise; Caldwell; Emmett; Homedale; Idaho City; Kuna; Marsing; Melba; Meridian; Middleton; Nampa; Star; Wilder; Eagle,,record,record,no
directories0103,Boise,Polk,1956,1956,Boise; Eagle; Kuna; Meridian; Orchard; Star; Ustick,Ada County,record,record,no
directories0104,Boise,phone book,1957,1957,Boise; Caldwell; Emmett; Homedale; Idaho City; Kuna; Marsing; Melba; Meridian; Middleton; Nampa; Star; Wilder; Eagle,,record,record,no
directories0105,Boise,Polk,1957,1957,Boise; Eagle; Kuna; Meridian; Orchard; Star; Ustick,Ada County,record,record,no
directories0106,Boise,phone book,1958,1958,Boise; Caldwell; Emmett; Homedale; Idaho City; Kuna; Marsing; Melba; Meridian; Middleton; Nampa; Star; Wilder; Eagle,,record,record,no
directories0107,Boise,Polk,1958,1958,Boise; Eagle; Kuna; Meridian; Orchard; Star; Ustick,Ada County,record,record,no
directories0108,Boise,phone book,1959,1959,Boise; Caldwell; Emmett; Homedale; Idaho City; Kuna; Marsing; Melba; Meridian; Middleton; Nampa; Star; Wilder; Eagle,,record,record,no
directories0109,Boise,Polk,1959,1959,Boise; Eagle; Kuna; Meridian; Orchard; Star; Ustick,Ada County,record,record,no
directories0110,Boise,Polk,1960,1960,Boise; Eagle; Kuna; Meridian; Orchard; Star; Ustick,Ada County,record,record,no
directories0111,Boise,phone book,1961-01,1961-01,Boise; Caldwell; Emmett; Homedale; Idaho City; Kuna; Marsing; Melba; Meridian; Middleton; Nampa; Star; Wilder; Eagle,,record,record,no
directories0112,Boise,phone book,1961-12,1961-12,Boise; Caldwell; Emmett; Homedale; Idaho City; Kuna; Marsing; Melba; Meridian; Middleton; Nampa; Star; Wilder; Eagle,,record,record,no
directories0113,Boise,Polk,1961,1961,Boise; Eagle; Kuna; Meridian; Orchard; Star; Ustick,Ada County,record,record,no
directories0114,Boise,phone book,1962,1962,Boise; Caldwell; Emmett; Homedale; Idaho City; Kuna; Marsing; Melba; Meridian; Middleton; Nampa; Star; Wilder; Eagle,,record,record,no
directories0115,Boise,Polk,1962,1962,Boise; Eagle; Kuna; Meridian; Orchard; Star; Ustick,Ada County,record,record,no
directories0116,Boise,phone book,1963,1963,Boise; Caldwell; Emmett; Homedale; Idaho City; Kuna; Marsing; Melba; Meridian; Middleton; Nampa; Star; Wilder; Eagle,,record,record,no
directories0117,Boise,Polk,1963,1963,Boise; Eagle; Kuna; Meridian; Orchard; Star; Ustick,Ada County,record,record,no
directories0118,Boise,Polk,1964,1964,Boise; Garden City; Eagle; Kuna; Meridian; Orchard; Star; Ustick,Ada County,record,record,no
directories0119,Boise,phone book,1965,1965,Boise; Caldwell; Emmett; Homedale; Idaho City; Kuna; Marsing; Melba; Meridian; Middleton; Nampa; Star; Wilder; Eagle,,record,record,no
directories0120,Boise,Polk,1965,1965,Boise; Garden City; Eagle; Kuna; Meridian; Orchard; Star; Ustick,Ada County,record,record,no
directories0121,Boise,Polk,1966,1966,Boise; Garden City; Eagle; Kuna; Meridian; Orchard; Star; Ustick,Ada County,record,record,no
directories0122,Boise,phone book,1966,1966,Boise; Caldwell; Emmett; Homedale; Idaho City; Kuna; Marsing; Melba; Meridian; Middleton; Nampa; Star; Wilder; Eagle,,record,record,no
directories0123,Boise,phone book,1967,1967,Boise; Caldwell; Emmett; Homedale; Idaho City; Kuna; Marsing; Melba; Meridian; Middleton; Nampa; Star; Wilder; Eagle,,record,record,no
directories0124,Boise,Polk,1967,1967,Boise; Garden City; Eagle; Kuna; Meridian; Orchard; Star; Ustick,Ada County,record,record,no
directories0125,Boise,Polk,1968,1968,Boise; Garden City; Eagle; Kuna; Meridian; Orchard; Star; Ustick,Ada County,record,record,no
directories0126,Boise,phone book,1968,1968,Boise; Caldwell; Emmett; Homedale; Idaho City; Kuna; Marsing; Melba; Meridian; Middleton; Nampa; Star; Wilder; Eagle,,record,record,no
directories0127,Boise,phone book,1969,1969,Boise; Caldwell; Emmett; Homedale; Idaho City; Kuna; Marsing; Melba; Meridian; Middleton; Nampa; Star; Wilder; Eagle,,record,record,no
directories0128,Boise,Polk,1969,1969-1970,Boise; Garden City; Eagle; Kuna; Meridian; Orchard; Star; Ustick,Ada County,record,record,no
directories0129,Boise,phone book,1970,1970,Boise; Caldwell; Emmett; Homedale; Idaho City; Kuna; Marsing; Melba; Meridian; Middleton; Nampa; Star; Wilder; Eagle,,record,record,no
directories0130,Boise,Polk,1971,1971,Boise; Garden City; Eagle; Kuna; Meridian; Orchard; Star; Ustick,Ada County,record,record,no
directories0131,Boise,Polk,1972,1972,Boise; Garden City; Eagle; Kuna; Meridian; Orchard; Star; Ustick,Ada County,record,record,no
directories0132,Boise,Polk,1973,1973,Boise; Garden City; Eagle; Kuna; Meridian; Orchard; Star; Ustick,Ada County,record,record,no
directories0133,Boise,phone book,1973,1973,Boise; Eagle; Garden City; Caldwell; Emmett; Homedale; Idaho City; Kuna; Marsing; Melba; Meridian; Middleton; Nampa; Star; Wilder,,record,record,no
directories0134,Boise,Polk,1974,1974,Boise; Garden City; Eagle; Kuna; Meridian; Orchard; Star; Ustick,Ada County,record,record,no
directories0135,Boise,phone book,1974,1974,Boise; Eagle; Garden City; Caldwell; Emmett; Homedale; Idaho City; Kuna; Marsing; Melba; Meridian; Middleton; Nampa; Star; Wilder,,record,record,no
directories0136,Boise,Polk,1975,1975,Boise; Garden City; Eagle; Kuna; Meridian; Orchard; Star; Ustick,Ada County,record,record,no
directories0137,Boise,phone book,1975,1975,Boise; Eagle; Garden City; Caldwell; Emmett; Homedale; Idaho City; Kuna; Marsing; Melba; Meridian; Middleton; Nampa; Star; Wilder,,record,record,no
directories0138,Boise,Polk,1976,1976,Boise; Garden City; Eagle; Kuna; Meridian; Orchard; Star; Ustick,Ada County,record,record,no
directories0139,Boise,phone book,1976,1976,Boise; Eagle; Garden City; Caldwell; Emmett; Homedale; Idaho City; Kuna; Marsing; Melba; Meridian; Middleton; Nampa; Star; Wilder,,record,record,no
directories0140,Boise,phone book,1977,1977,Boise; Eagle; Garden City; Caldwell; Emmett; Homedale; Idaho City; Kuna; Marsing; Melba; Meridian; Middleton; Nampa; Star; Wilder,,record,record,no
directories0141,Boise,phone book,1978,1978,Boise; Eagle; Garden City; Caldwell; Emmett; Homedale; Idaho City; Kuna; Marsing; Melba; Meridian; Middleton; Nampa; Star; Wilder,,record,record,no
directories0142,Boise,phone book,1979,1979,Boise; Eagle; Garden City; Caldwell; Emmett; Homedale; Idaho City; Kuna; Marsing; Melba; Meridian; Middleton; Nampa; Star; Wilder,,record,record,no
directories0143,Boise,phone book,1980,1980,Boise; Eagle; Garden City; Caldwell; Emmett; Homedale; Idaho City; Kuna; Marsing; Melba; Meridian; Middleton; Nampa; Star; Wilder,,record,record,no
directories0144,Boise,phone book,1981,1981,Boise; Eagle; Garden City; Caldwell; Emmett; Homedale; Idaho City; Kuna; Marsing; Melba; Meridian; Middleton; Nampa; Star; Wilder,,record,record,no
directories0145,Boise,phone book,1982,1982,Boise; Eagle; Garden City; Idaho City; Kuna; Lowman; Meridian; Star,,record,record,no
directories0146,Boise,phone book,1983,1983,Boise; Eagle; Garden City; Idaho City; Kuna; Lowman; Meridian; Star,,record,record,no
directories0147,Boise,Polk,1983,1983,Boise; Garden City; Eagle; Kuna; Meridian; Orchard; Star; Ustick,Ada County,record,record,no
directories0148,Boise,phone book,1984,1984,Boise; Eagle; Garden City; Idaho City; Kuna; Lowman; Meridian; Star,,record,record,no
directories0149,Boise,phone book,1985,1985,Boise; Eagle; Garden City; Idaho City; Kuna; Lowman; Meridian; Star,,record,record,no
directories0150,Boise,phone book,1986,1986-1987,Boise; Eagle; Garden City; Idaho City; Kuna; Lowman; Meridian; Star,,record,record,no
directories0151,Boise,phone book,1988,1988-1989,Boise; Eagle; Garden City; Idaho City; Kuna; Lowman; Meridian; Star,,record,record,no
directories0152,Boise,phone book,1989,1989-1990,Boise; Eagle; Garden City; Idaho City; Kuna; Lowman; Meridian; Star,,record,record,no
directories0153,Boise,phone book,1990,1990-1991,Boise; Eagle; Garden City; Idaho City; Kuna; Lowman; Meridian; Star,,record,record,no
directories0154,Boise,phone book,1991,1991-1992,Boise; Eagle; Garden City; Idaho City; Kuna; Lowman; Meridian; Star,,record,record,no
directories0155,Boise,phone book,1992,1992-1993,Boise; Eagle; Garden City; Idaho City; Kuna; Lowman; Meridian; Star,,record,record,no
directories0156,Boise,phone book,1993,1993-1994,Boise; Eagle; Garden City; Idaho City; Kuna; Lowman; Meridian; Star,,record,record,no
directories0157,Boise,phone book,1994,1994-1995,Boise; Eagle; Garden City; Idaho City; Kuna; Lowman; Meridian; Star,,record,record,no
directories0158,Boise,phone book,1995,1995-1998,Boise; Eagle; Garden City; Idaho City; Kuna; Lowman; Meridian; Star,,record,record,no
directories0159,Boise,phone book,1996,1996-1997,Boise; Eagle; Garden City; Idaho City; Kuna; Lowman; Meridian; Star,,record,record,no
directories0160,Boise,phone book,1997,1997-1998,Boise; Caldwell; Eagle; Emmett; Garden City; Idaho City; Kuna; Lowman; Melba; Meridian; Middleton; Nampa; Star,,record,record,no
directories0161,Boise,phone book,1998,1998-1999,Boise; Caldwell; Eagle; Emmett; Garden City; Idaho City; Kuna; Lowman; Melba; Meridian; Middleton; Nampa; Star,,record,record,no
directories0162,Boise,phone book,1999,1999-2000,Boise; Caldwell; Eagle; Emmett; Garden City; Idaho City; Kuna; Lowman; Melba; Meridian; Middleton; Nampa; Star,,record,record,no
directories0163,Boise,phone book,2000,2000-2001,Boise; Caldwell; Eagle; Emmett; Garden City; Idaho City; Kuna; Lowman; Melba; Meridian; Middleton; Nampa; Notus; Star,,record,record,no
directories0164,Boise,phone book,2001,2001-2002,Boise; Caldwell; Eagle; Emmett; Garden City; Idaho City; Kuna; Lowman; Melba; Meridian; Middleton; Nampa; Star,,record,record,no
directories0165,Boise,phone book,2004,2004-2005,Boise; Caldwell; Eagle; Emmett; Garden City; Idaho City; Kuna; Lowman; Melba; Meridian; Middleton; Nampa; Star,,record,record,no
directories0166,Burley,phone book,1951,1951,Burley; Oakley; Albion; Rupert; Paul; Heyburn; Declo,,record,record,no
directories0167,Burley,phone book,1952,1952-1953,Burley; Oakley; Albion; Malta; Rupert; Paul; Heyburn; Declo,,record,record,no
directories0168,Burley,phone book,1953,1953-1954,Burley; Oakley; Albion; Malta; Rupert; Paul; Heyburn; Declo,,record,record,no
directories0169,Burley,phone book,1954,1954,Burley; Rupert; Paul; Heyburn; Declo,,record,record,no
directories0170,Burley,phone book,1957,1957,Burley; Oakley; Albion; Almo; Declo; Elba; Malta; Paul; Rupert; Heyburn; Declo,,record,record,no
directories0171,Burley,phone book,1958,1958,Burley; Oakley; Albion; Almo; Declo; Elba; Malta; Paul; Rupert; Heyburn; Declo,,record,record,no
directories0172,Burley,Polk,1959,1959,Burley; Declo; Oakley; Malta; Albion; Elba; Rupert; Paul; Fairfield; Heglar; Murtaugh; Heyburn; Hansen; Hazelton; Kimberly; Naf,Cassia County,record,record,no
directories0173,Burley,phone book,1961,1961,Burley; Oakley; Albion; Almo; Declo; Elba; Malta; Paul; Rupert; Heyburn; Declo,,record,record,no
directories0174,Burley,Polk,1961,1961,Burley; Declo; Oakley; Malta; Albion; Elba; Rupert; Paul; Fairfield; Heglar; Murtaugh; Heyburn; Hansen; Hazelton; Kimberly; Naf,Cassia County,record,record,no
directories0175,Burley,phone book,1962,1962,Burley; Oakley; Albion; Almo; Declo; Elba; Malta; Paul; Rupert; Heyburn; Declo,,record,record,no
directories0176,Burley,phone book,1963,1963,Burley; Oakley; Albion; Almo; Declo; Elba; Malta; Paul; Rupert; Heyburn; Declo,,record,record,no
directories0177,Burley,phone book,1965,1965,Burley; Oakley; Albion; Almo; Declo; Elba; Malta; Paul; Rupert; Heyburn; Declo,,record,record,no
directories0178,Burley,phone book,1967,1967,Burley; Oakley; Albion; Almo; Declo; Elba; Malta; Paul; Rupert; Heyburn; Declo,,record,record,no
directories0179,Burley,phone book,1968,1968,Burley; Oakley; Albion; Almo; Declo; Elba; Malta; Paul; Rupert; Minidoka; Norland; Heyburn; Declo,,record,record,no
directories0180,Burley,phone book,1969,1969,Burley; Albion; Almo; Declo; Elba; Heyburn; Malta; Oakley; Rupert; Heyburn; Paul,,record,record,no
directories0181,Burley,phone book,1970,1970,Burley; Albion; Almo; Declo; Elba; Heyburn; Malta; Oakley; Rupert; Heyburn; Paul,,record,record,no
directories0182,Burley,Polk,1970,1970-1971,Burley; Declo; Albion; Malta; Oakley; Elba; Rupert; Almo; Heyburn; Murtaugh; Naf; Hansen,Cassia County,record,record,no
directories0183,Burley,phone book,1972,1972,Burley; Albion; Almo; Declo; Elba; Heyburn; Malta; Oakley; Rupert,,record,record,no
directories0184,Burley,Polk,1972,1972,Burley; Declo; Albion; Malta; Oakley; Elba; Rupert; Almo; Heyburn; Murtaugh; Naf; Hansen,Cassia County,record,record,no
directories0185,Burley,phone book,1974,1974,Burley; Albion; Almo; Declo; Elba; Heyburn; Malta; Oakley; Rupert,,record,record,no
directories0186,Burley,Polk,1974,1974,Burley; Oakley; Hansen; Heyburn; Paul; Elba; Malta; Albion; Declo; Murtaugh; Hazelton; Naf; Hansen,Cassia County,record,record,no
directories0187,Burley,phone book,1975,1975,Burley; Albion; Almo; Declo; Elba; Heyburn; Malta; Oakley; Rupert; Minidoka; Paul; Norland; Raft River,,record,record,no
directories0188,Burley,phone book,1976,1976,Burley; Albion; Almo; Declo; Elba; Heyburn; Malta; Oakley; Rupert; Minidoka; Paul; Norland; Raft River,,record,record,no
directories0189,Burley,phone book,1977,1977-1978,Burley; Rupert; Albion; Almo; Declo; Eden; Elba; Hazelton; Heyburn; Malta; Minidoka; Norland; Oakley; Paul; Raft River,Cassia County,record,record,no
directories0190,Burley,Polk,1978,1978,Burley; Oakley; Hansen; Heyburn; Paul; Elba; Malta; Albion; Declo; Murtaugh; Hazelton; Naf; Hansen,Cassia County,record,record,no
directories0191,Burley,phone book,1980,1980,Burley; Albion; Almo; Declo; Elba; Heyburn; Malta; Oakley; Rupert; Minidoka; Paul; Norland; Raft River,,record,record,no
directories0192,Burley,phone book,1981,1981,Burley; Albion; Almo; Declo; Elba; Heyburn; Malta; Oakley; Rupert; Minidoka; Paul; Norland; Raft River,,record,record,no
directories0193,Burley,phone book,1982,1982,Burley; Albion; Almo; Declo; Elba; Heyburn; Malta; Oakley; Rupert; Minidoka; Paul; Norland; Raft River,,record,record,no
directories0194,Burley,Polk,1982,1982,Burley; Oakley; Hansen; Heyburn; Paul; Elba; Malta; Albion; Declo; Murtaugh; Hazelton; Naf; Hansen,Cassia County,record,record,no
directories0195,Burley,phone book,1983,1983,Burley; Albion; Almo; Declo; Elba; Heyburn; Malta; Oakley; Rupert; Minidoka; Paul; Norland; Raft River,,record,record,no
directories0196,Burley,phone book,1984,1984,Burley; Albion; Almo; Declo; Elba; Heyburn; Malta; Oakley; Rupert; Minidoka; Paul; Norland; Raft River,,record,record,no
directories0197,Burley,phone book,1984,1984,Burley; Albion; Almo; Declo; Elba; Heyburn; Malta; Oakley; Rupert; Minidoka; Paul; Norland; Raft River,,record,record,no
directories0198,Burley,phone book,1985,1985,Burley; Albion; Almo; Declo; Elba; Heyburn; Malta; Oakley; Rupert; Minidoka; Paul; Norland; Raft River,,record,record,no
directories0199,Burley,phone book,1985,1985,Burley; Albion; Almo; Declo; Elba; Heyburn; Malta; Oakley; Rupert; Minidoka; Paul; Norland; Raft River,,record,record,no
directories0200,Burley,phone book,1986,1986,Burley; Albion; Almo; Declo; Elba; Heyburn; Malta; Oakley; Rupert; Minidoka; Paul; Norland; Raft River,,record,record,no
directories0201,Burley,phone book,1987,1987-1988,Burley; Albion; Almo; Declo; Elba; Heyburn; Malta; Oakley; Rupert; Minidoka; Paul; Norland; Raft River,,record,record,no
directories0202,Burley,phone book,1988,1988-1989,Burley; Albion; Almo; Declo; Elba; Heyburn; Malta; Oakley; Rupert; Minidoka; Paul; Norland; Raft River,,record,record,no
directories0203,Burley,phone book,1989,1989-1990,Burley; Albion; Almo; Declo; Elba; Heyburn; Malta; Oakley; Rupert; Minidoka; Paul; Norland; Raft River,,record,record,no
directories0204,Burley,phone book,1990,1990-1991,Burley; Albion; Almo; Declo; Elba; Heyburn; Malta; Oakley; Rupert; Minidoka; Paul; Norland; Raft River,,record,record,no
directories0205,Burley,phone book,1994,1994-1995,Burley; Twin Falls; Rupert; Albion; Almo; Bliss; Buhl; Carey; Castleford; Declo; Dietrich; Eden; Elba; Filer; Gooding; Hagerman; Hailey; Bellevue; Hazelton; Heyburn; Hollister; Jerome; Ketchum; Kimberly; Hansen; Malta; Minidoka; Murtaugh; Norland; Oakley; Paul; Raft River; Richfield; Shoshone; Stanley; Sun Valley; Three Creek,,record,record,no
directories0206,Burley,phone book,1996,1996-1997,Burley; Twin Falls; Bliss; Buhl; Declo; Heyburn; Rupert; Albion; Almo; Elba; Malta; Oakley; Raft River; Carey; Castleford; Dietrich; Eden; Filer; Gooding; Hagerman; Hailey; Bellevue; Hazelton; Hollister; Richfield; Shoshone; Stanley; Sun Valley; Three Creek; Wendell,,record,record,no
directories0207,Cache Valley,phone book,1982,1982,Banida; Battle Creek; Clifton; Cub River; Dayton; Fairview; Franklin; Linrose; Mink Creek; Oneida Station; Oxford; Preston; Riverdale; Treasureton; Weston; Winder; Whitney,,record,record,no
directories0208,Cache Valley,phone book,1986,1986,Banida; Battle Creek; Clifton; Cub River; Dayton; Fairview; Franklin; Linrose; Mink Creek; Oneida Station; Oxford; Preston; Riverdale; Treasureton; Weston; Winder; Whitney,,record,record,no
directories0209,Cache Valley,phone book,1988,1988-1989,Banida; Battle Creek; Clifton; Cub River; Dayton; Fairview; Franklin; Linrose; Mink Creek; Oneida Station; Oxford; Preston; Riverdale; Treasureton; Weston; Winder; Whitney,,record,record,no
directories0210,Cache Valley,phone book,1989,1989-1990,Banida; Battle Creek; Clifton; Cub River; Dayton; Fairview; Franklin; Linrose; Mink Creek; Oneida Station; Oxford; Preston; Riverdale; Treasureton; Weston; Winder; Whitney,,record,record,no
directories0211,Cache Valley,phone book,1991,1991-1992,Banida; Battle Creek; Clifton; Cub River; Dayton; Fairview; Franklin; Linrose; Mink Creek; Oneida Station; Oxford; Preston; Riverdale; Treasureton; Weston; Winder; Whitney,,record,record,no
directories0212,Cache Valley,phone book,1992,1992-1993,Banida; Battle Creek; Clifton; Cub River; Dayton; Fairview; Franklin; Linrose; Mink Creek; Oneida Station; Oxford; Preston; Riverdale; Treasureton; Weston; Winder; Whitney,,record,record,no
directories0213,Cache Valley,phone book,1994,1994-1995,Banida; Battle Creek; Clifton; Cub River; Dayton; Fairview; Franklin; Linrose; Mink Creek; Oneida Station; Oxford; Preston; Riverdale; Treasureton; Weston; Winder; Whitney,,record,record,no
directories0214,Cache Valley,phone book,1997,1997-1998,Banida; Battle Creek; Clifton; Cub River; Dayton; Fairview; Franklin; Linrose; Mink Creek; Oneida Station; Oxford; Preston; Riverdale; Treasureton; Weston; Winder; Whitney,,record,record,no
directories0215,Caldwell,Polk,1945,1945,Caldwell; Nampa; Bowmont; Greenleaf; Huston; Melba; Middleton; Notus; Parma; Roswell; Wilder,Canyon County,record,record,no
directories0216,Caldwell,Polk,1948,1948,Caldwell; Nampa; Bowmont; Greenleaf; Huston; Melba; Middleton; Notus; Parma; Roswell; Wilder,Canyon County,record,record,no
directories0217,Caldwell,Polk,1953,1953-1954,Caldwell; Nampa; Bowmont; Greenleaf; Huston; Melba; Middleton; Notus; Parma; Roswell; Wilder,Canyon County,record,record,no
directories0218,Caldwell,phone book,1954,1954,Caldwell; Middleton; Greenleaf; Huston; Riverside; Notus,,record,record,no
directories0219,Caldwell,Polk,1955,1955,Caldwell; Nampa; Bowmont; Greenleaf; Huston; Melba; Middleton; Notus; Parma; Wilder,Canyon County,record,record,no
directories0220,Caldwell,Polk,1957,1957,Caldwell; Nampa; Bowmont; Greenleaf; Huston; Melba; Middleton; Notus; Parma; Wilder,Canyon County,record,record,no
directories0221,Caldwell,Polk,1958,1958,Caldwell; Nampa; Bowmont; Greenleaf; Huston; Melba; Middleton; Notus; Parma; Wilder,Canyon County,record,record,no
directories0222,Caldwell,Polk,1961,1961,Caldwell; Bowmont; Greenleaf; Huston; Melba; Middleton; Notus; Parma; Wilder; Nampa,Canyon County,record,record,no
directories0223,Caldwell,Polk,1963,1963,Caldwell; Bowmont; Greenleaf; Huston; Melba; Middleton; Notus; Parma; Wilder; Nampa,Canyon County,record,record,no
directories0224,Caldwell,Polk,1964,1964,Caldwell; Bowmont; Greenleaf; Huston; Melba; Middleton; Notus; Parma; Wilder; Nampa,Canyon County,record,record,no
directories0225,Caldwell,Polk,1965,1965,Caldwell; Bowmont; Greenleaf; Huston; Melba; Middleton; Notus; Wilder; Nampa; New Plymouth; Meridian; Marsing,Canyon County,record,record,no
directories0226,Caldwell,Polk,1967,1967,Caldwell; Bowmont; Greenleaf; Huston; Melba; Middleton; Notus; Wilder; Nampa,Canyon County,record,record,no
directories0227,Caldwell,Polk,1968,1968,Caldwell; Bowmont; Greenleaf; Huston; Melba; Middleton; Notus; Wilder; Nampa,Canyon County,record,record,no
directories0228,Caldwell,Polk,1970,1970,Caldwell; Bowmont; Greenleaf; Huston; Melba; Middleton; Notus; Wilder; Nampa,Canyon County,record,record,no
directories0229,Caldwell,Polk,1971,1971,Caldwell; Bowmont; Greenleaf; Huston; Melba; Middleton; Notus; Parma; Wilder; Nampa,Canyon County,record,record,no
directories0230,Caldwell,Polk,1972,1972,Caldwell; Bowmont; Greenleaf; Huston; Melba; Middleton; Notus; Parma; Wilder; Nampa,Canyon County,record,record,no
directories0231,Caldwell,Polk,1973,1973,Caldwell; Bowmont; Greenleaf; Huston; Melba; Middleton; Notus; Parma; Wilder; Nampa,Canyon County,record,record,no
directories0232,Caldwell,Polk,1974,1974,Caldwell; Bowmont; Greenleaf; Huston; Melba; Middleton; Notus; Parma; Wilder; Nampa,Canyon County,record,record,no
directories0233,Caldwell,Polk,1975,1975,Caldwell; Bowmont; Greenleaf; Huston; Melba; Middleton; Notus; Parma; Wilder; Nampa,Canyon County,record,record,no
directories0234,Caldwell,Polk,1976,1976,Caldwell; Bowmont; Greenleaf; Huston; Melba; Middleton; Notus; Parma; Wilder; Nampa,Canyon County,record,record,no
directories0235,Caldwell,Polk,1980,1980,Caldwell; Bowmont; Greenleaf; Huston; Melba; Middleton; Notus; Parma; Wilder; Nampa,Canyon County,record,record,no
directories0236,Caldwell,Polk,1981,1981,Caldwell; Bowmont; Greenleaf; Huston; Melba; Middleton; Notus; Parma; Wilder; Nampa,Canyon County,record,record,no
directories0237,Caldwell,Polk,1987,1987,Caldwell; Bowmont; Greenleaf; Huston; Melba; Middleton; Notus; Parma; Wilder; Nampa,Canyon County,record,record,no
directories0238,Cambridge,phone book,1956,1956-1957,Cambridge; Midvale; Mesa; Indian Valley,,record,record,no
directories0239,Cambridge,phone book,1962,1962,Cambridge; Midvale; Mesa; Indian Valley,,record,record,no
directories0240,Cambridge,phone book,1966,1966,Cambridge; Midvale; Mesa; Indian Valley,,record,record,no
directories0241,Cambridge,phone book,1967,1967,Cambridge; Midvale; Mesa; Indian Valley,,record,record,no
directories0242,Cambridge,phone book,1977,1977,Cambridge; Council; Fruitland; Indian Valley; Midvale; New Plymouth; Nyssa; Ontario; Payette; Vale; Weiser,,record,record,no
directories0243,Caldwell,Polk,1930,1930-1931,Caldwell; Bowmont; Greenleaf; Huston; Melba; Middleton; Nampa; Notus; Parma; Roswell; Wilder; Emmett; Gross; Letha; Montour; Ola; Sweet; Fruitland; New Plymouth; Payette; Cambridge; Heath; Midvale; Weiser,Canyon County; Gem County; Payette County; Washington County,record,record,no
directories0244,Caldwell,Polk,1936,1936-1937,Caldwell; Bowmont; Greenleaf; Huston; Melba; Middleton; Nampa; Notus; Parma; Roswell; Wilder; Emmett; Gross; Letha; Montour; Ola; Sweet; Fruitland; New Plymouth; Payette; Cambridge; Heath; Midvale; Weiser,Canyon County; Gem County; Payette County; Washington County,record,record,no
directories0245,Cascade,phone book,1957,1957,Cascade; Donnelly; McCall; New Meadows; Riggins; Horseshoe Bend; Sweet; Ola; Smiths Ferry; Lakefork,,record,record,yes
directories0246,Cascade,phone book,1960,1960,Cascade; Donnelly; McCall; New Meadows; Riggins; Smiths Ferry,,record,record,yes
directories0247,Cascade,phone book,1962,1962,Cascade; Donnelly; McCall; Riggins; New Meadows; Sweet; Ola; Horseshoe Bend,,record,record,yes
directories0248,Cascade,phone book,1963,1963,Cascade; Donnelly; McCall; New Meadows; Riggins,,record,record,no
directories0249,Cascade,phone book,1965,1965,Cascade; Donnelly; Elk City; McCall; New Meadows; Riggins; White Bird,,record,record,no
directories0250,Cascade,phone book,1966,1966,Cascade; Donnelly; Elk City; McCall; New Meadows; Riggins; White Bird,,record,record,no
directories0251,Cascade,phone book,1967,1967,Cascade; Donnelly; Elk City; McCall; New Meadows; Riggins; White Bird,,record,record,no
directories0252,Cascade,phone book,1969,1969-1970,Cascade; Donnelly; Elk City; Garden Valley; Horseshoe Bend; McCall; New Meadows; Ola; Riggins; Sweet; White Bird,,record,record,no
directories0253,Cascade,phone book,1971,1971-1972,Cascade; Donnelly; Elk City; Garden Valley; Horseshoe Bend; McCall; New Meadows; Ola; Riggins; Sweet; White Bird,,record,record,no
directories0254,Cascade,phone book,1972,1972-1973,Cascade; Donnelly; Elk City; Garden Valley; Horseshoe Bend; McCall; New Meadows; Ola; Riggins; Sweet; White Bird,,record,record,no
directories0255,Cascade,phone book,1973,1973-1974,Cascade; Donnelly; Elk City; Garden Valley; Horseshoe Bend; McCall; New Meadows; Ola; Riggins; Sweet; White Bird,,record,record,no
directories0256,Cascade,phone book,1974,1974-1975,Cascade; Donnelly; Elk City; Garden Valley; Horseshoe Bend; McCall; New Meadows; Ola; Riggins; Sweet; White Bird,,record,record,no
directories0257,Cascade,phone book,1975,1975-1976,Cascade; Donnelly; Elk City; Garden Valley; Horseshoe Bend; McCall; New Meadows; Ola; Riggins; Sweet; White Bird,,record,record,no
directories0258,Cascade,phone book,1980,1980-1981,Cascade; Donnelly; Elk City; Garden Valley; Horseshoe Bend; McCall; New Meadows; Ola; Riggins; Sweet; White Bird,,record,record,no
directories0259,Coeur d'Alene,Polk,1912,1912-1913,Coeur d'Alene; Bonners Ferry; Burke; Gem; Harrison; Hope; Kellogg; Kootenai; Laclede; Mace; Mullan; Plummer; Post Falls; Priest River; Rathdrum; St. Maries; Sandpoint; Spirit Lake; Wallace; Wardner; St. Joe; Athol; Gibbs; Ford; Black Lake; Desmet; Dudley; Rose Lake; Lane; Santa; Cataldo; Tensed; Medimont; McClellan; Mica; Bayview; Worley; Hayden Lake; Emida; Sagle; Moravia; Granite; Harlem; Ponderay; Midas; Clara; Porthill; Lakeview; Granite; Westmond; Elmira; Colburn; Coolin; Copeland; cocolalla; Morton; Osburn; Murray; Union; Clarkia; Gem; Kingston; Elk Prairie; Enaville; Black Bear,Kootenai County; Bonner County; Shoshone County,record,record,no
directories0260,Coeur d'Alene,Polk,1914,1914-1915,Coeur d'Alene; Bonners Ferry; Burke; Gem; Harrison; Hope; Kellogg; Kootenai; Laclede; Mace; Mullan; Plummer; Post Falls; Priest River; Rathdrum; St. Maries; Sandpoint; Spirit Lake; Wallace; Wardner; St. Joe; Athol; Gibbs; Ford; Black Lake; Desmet; Dudley; Rose Lake; Lane; Santa; Cataldo; Tensed; Medimont; McClellan; Mica; Bayview; Worley; Hayden Lake; Emida; Sagle; Moravia; Granite; Harlem; Ponderay; Midas; Clara; Porthill; Lakeview; Granite; Westmond; Elmira; Colburn; Coolin; Copeland; cocolalla; Morton; Osburn; Murray; Union; Clarkia; Gem; Kingston; Elk Prairie; Enaville; Black Bear,Kootenai County; Bonner County; Shoshone County,record,record,no
directories0261,Coeur d'Alene,Polk,1916,1916-1917,Coeur d'Alene; Bonners Ferry; Burke; Gem; Harrison; Hope; Kellogg; Kootenai; Laclede; Mace; Mullan; Plummer; Post Falls; Priest River; Rathdrum; St. Maries; Sandpoint; Spirit Lake; Wallace; Wardner; St. Joe; Athol; Gibbs; Ford; Black Lake; Desmet; Dudley; Rose Lake; Lane; Santa; Cataldo; Tensed; Medimont; McClellan; Mica; Bayview; Worley; Hayden Lake; Emida; Sagle; Moravia; Granite; Harlem; Ponderay; Midas; Clara; Porthill; Lakeview; Granite; Westmond; Elmira; Colburn; Coolin; Copeland; cocolalla; Morton; Osburn; Murray; Union; Clarkia; Gem; Kingston; Elk Prairie; Enaville; Black Bear; Fernwood; Moravia; Porthill; Copeland; Naples; Sinclair;,Kootenai County; Bonner County; Shoshone County; Benewah County; Boundary County,record,record,no
directories0262,Coeur d'Alene,phone book,1930,1930,Coeur d'Alene; Rathdrum; Post Falls; Wallace; Mullan; Kellogg; St. Maries; Harrison; Worley; Plummer,,record,record,no
directories0263,Coeur d'Alene,Polk,1947,1947,Coeur d'Alene; Chilco; Post Falls; Athol; Plummer; Cataldo; Worley; Harrison; Hayden Lake; St. Maries; Weiser; Black Lake; Kellogg; Medimont; Osburn; Spirit Lake; Sandpoint; Rose Lake; Rathdrum,Kootenai County,record,record,no
directories0264,Coeur d'Alene,phone book,1947,1947,Coeur d'Alene; Farragut; Harrison; Plummer; Post Falls; Rathdrum; Spirit Lake; St. Maries; Worley,,record,record,no
directories0265,Coeur d'Alene,phone book,1948,1948,Coeur d'Alene; Farragut; Harrison; Plummer; Post Falls; Rathdrum; Spirit Lake; St. Maries; Worley,,record,record,no
directories0266,Coeur d'Alene,phone book,1949,1949,Coeur d'Alene; Farragut; Hayden Lake; Post Falls; Rathdrum; Worley; Harrison; Plummer; St. Maries,,record,record,no
directories0267,Coeur d'Alene,phone book,1950,1950,Coeur d'Alene; Farragut; Hayden Lake; Post Falls; Rathdrum; Worley; Harrison; Plummer; St. Maries; Spirit Lake,,record,record,no
directories0268,Coeur d'Alene,phone book,1951,1951,Coeur d'Alene; Farragut; Hayden Lake; Post Falls; Rathdrum; Worley; Harrison; Plummer; St. Maries; Spirit Lake,,record,record,no
directories0269,Coeur d'Alene,phone book,1952,1952,Coeur d'Alene; Farragut; Hayden Lake; Post Falls; Rathdrum; Worley; Harrison; Plummer; St. Maries; Spirit Lake,,record,record,no
directories0270,Coeur d'Alene,Polk,1952,1952,Coeur d'Alene; Chilco; Post Falls; Athol; Plummer; Cataldo; Worley; Harrison; Hayden Lake; St. Maries; Weiser; Black Lake; Kellogg; Medimont; Osburn; Spirit Lake; Sandpoint; Rose Lake; Rathdrum,Kootenai County,record,record,no
directories0271,Coeur d'Alene,phone book,1953-06,1953-06,Coeur d'Alene; Farragut; Hayden Lake; Post Falls; Rathdrum; Worley; Harrison; Plummer; St. Maries; Spirit Lake,,record,record,no
directories0272,Coeur d'Alene,phone book,1953-10,1953-10,Coeur d'Alene; Farragut; Hayden Lake; Post Falls; Rathdrum; Worley; Harrison; Plummer; St. Maries; Spirit Lake,,record,record,no
directories0273,Coeur d'Alene,phone book,1954,1954,Coeur d'Alene; Farragut; Hayden Lake; Post Falls; Rathdrum; Worley; Harrison; Plummer; St. Maries; Spirit Lake,,record,record,no
directories0274,Coeur d'Alene,Polk,1955,1955-1956,Coeur d'Alene; Chilco; Post Falls; Athol; Plummer; Cataldo; Worley; Harrison; Hayden Lake; St. Maries; Weiser; Black Lake; Kellogg; Medimont; Osburn; Spirit Lake; Sandpoint; Rose Lake; Rathdrum,Kootenai County,record,record,no
directories0275,Coeur d'Alene,phone book,1956,1956,Coeur d'Alene; Farragut; Hayden Lake; Post Falls; Rathdrum; Worley; Harrison; Plummer; St. Maries; Spirit Lake,,record,record,no
directories0276,Coeur d'Alene,phone book,1957,1957,Coeur d'Alene; Farragut; Hayden Lake; Post Falls; Rathdrum; Worley; Harrison; Plummer; St. Maries; Spirit Lake,,record,record,no
directories0277,Coeur d'Alene,Polk,1957,1957,Coeur d'Alene; Chilco; Post Falls; Athol; Plummer; Cataldo; Worley; Harrison; Hayden Lake; St. Maries; Weiser; Black Lake; Kellogg; Medimont; Osburn; Spirit Lake; Sandpoint; Rose Lake; Rathdrum,Kootenai County,record,record,no
directories0278,Coeur d'Alene,phone book,1958,1958,Coeur d'Alene; Farragut; Hayden Lake; Post Falls; Rathdrum; Spirit Lake; Worley,,record,record,no
directories0279,Coeur d'Alene,Polk,1958,1958-1959,Coeur d'Alene; Chilco; Post Falls; Athol; Plummer; Cataldo; Worley; Harrison; Hayden Lake; St. Maries; Weiser; Black Lake; Kellogg; Medimont; Osburn; Spirit Lake; Sandpoint; Rose Lake; Rathdrum,Kootenai County,record,record,no
directories0280,Coeur d'Alene,phone book,1959,1959,Coeur d'Alene; Farragut; Hayden Lake; Post Falls; Rathdrum; Spirit Lake; Worley,,record,record,no
directories0281,Coeur d'Alene,Polk,1960,1960,Coeur d'Alene; Chilco; Post Falls; Athol; Plummer; Cataldo; Worley; Harrison; Hayden Lake; St. Maries; Weiser; Black Lake; Kellogg; Medimont; Osburn; Spirit Lake; Sandpoint; Rose Lake; Rathdrum,Kootenai County,record,record,no
directories0282,Coeur d'Alene,phone book,1960,1960,Coeur d'Alene; Farragut; Hayden Lake; Post Falls; Rathdrum; Spirit Lake; Worley,,record,record,no
directories0283,Coeur d'Alene,phone book,1961,1961,Coeur d'Alene; Farragut; Hayden Lake; Post Falls; Rathdrum; Spirit Lake; Worley,,record,record,no
directories0284,Coeur d'Alene,phone book,1962,1962,Coeur d'Alene; Hayden Lake; Bayview; Post Falls; Rathdrum; Spirit Lake; Worley,,record,record,no
directories0285,Coeur d'Alene,Polk,1962,1962,Coeur d'Alene; Chilco; Post Falls; Athol; Plummer; Cataldo; Worley; Harrison; Hayden Lake; St. Maries; Weiser; Black Lake; Kellogg; Medimont; Osburn; Spirit Lake; Sandpoint; Rose Lake; Rathdrum,Kootenai County,record,record,no
directories0286,Coeur d'Alene,phone book,1963,1963,Coeur d'Alene; Hayden Lake; Post Falls; Bayview; Spirit Lake; Rathdrum; Worley,,record,record,no
directories0287,Coeur d'Alene,Polk,1963,1963,Coeur d'Alene; Chilco; Post Falls; Athol; Plummer; Cataldo; Worley; Harrison; Hayden Lake; St. Maries; Weiser; Black Lake; Kellogg; Medimont; Osburn; Spirit Lake; Sandpoint; Rose Lake; Rathdrum,Kootenai County,record,record,no
directories0288,Coeur d'Alene,phone book,1964,1964,Coeur d'Alene; Hayden Lake; Post Falls; Bayview; Spirit Lake; Rathdrum; Worley,,record,record,no
directories0289,Coeur d'Alene,Polk,1964,1964,Coeur d'Alene; Chilco; Post Falls; Athol; Plummer; Cataldo; Worley; Harrison; Hayden Lake; St. Maries; Weiser; Black Lake; Kellogg; Medimont; Osburn; Spirit Lake; Sandpoint; Rose Lake; Rathdrum,Kootenai County,record,record,no
directories0290,Coeur d'Alene,phone book,1965,1965,Coeur d'Alene; Hayden Lake; Post Falls; Bayview; Spirit Lake; Rathdrum; Worley,,record,record,no
directories0291,Coeur d'Alene,phone book,1967,1967,Coeur d'Alene; Hayden Lake; Post Falls; Bayview; Spirit Lake; Rathdrum; Worley,,record,record,no
directories0292,Coeur d'Alene,phone book,1968,1968,Coeur d'Alene; Hayden Lake; Post Falls; Bayview; Spirit Lake; Rathdrum; Worley,,record,record,no
directories0293,Coeur d'Alene,phone book,1969,1969,Coeur d'Alene; Hayden Lake; Post Falls; Bayview; Spirit Lake; Rathdrum; Worley,,record,record,no
directories0294,Coeur d'Alene,phone book,1970,1970,Coeur d'Alene; Hayden Lake; Post Falls; Bayview; Spirit Lake; Rathdrum; Worley,,record,record,no
directories0295,Coeur d'Alene,Polk,1970,1970,Coeur d'Alene; Chilco; Post Falls; Athol; Plummer; Cataldo; Worley; Harrison; Hayden Lake; St. Maries; Weiser; Black Lake; Kellogg; Medimont; Osburn; Spirit Lake; Sandpoint; Rose Lake; Rathdrum,Kootenai County,record,record,no
directories0296,Coeur d'Alene,Polk,1971,1971,Coeur d'Alene; Chilco; Post Falls; Athol; Plummer; Cataldo; Worley; Harrison; Hayden Lake; St. Maries; Weiser; Black Lake; Kellogg; Medimont; Osburn; Spirit Lake; Sandpoint; Rose Lake; Rathdrum,Kootenai County,record,record,no
directories0297,Coeur d'Alene,Polk,1972,1972,Coeur d'Alene; Chilco; Post Falls; Athol; Plummer; Cataldo; Worley; Harrison; Hayden Lake; St. Maries; Weiser; Black Lake; Kellogg; Medimont; Osburn; Spirit Lake; Sandpoint; Rose Lake; Rathdrum,Kootenai County,record,record,no
directories0298,Coeur d'Alene,phone book,1972,1972,Coeur d'Alene; Hayden Lake; Post Falls; Bayview; Spirit Lake; Rathdrum; Worley; Dalton Gardens; Tensed; Fernan Village; Chilco; Worley; Athol,,record,record,no
directories0299,Coeur d'Alene,phone book,1973,1973,Coeur d'Alene; Hayden Lake; Post Falls; Bayview; Spirit Lake; Rathdrum; Worley; Dalton Gardens; Tensed; Fernan Village; Chilco; Worley; Athol,,record,record,no
directories0300,Coeur d'Alene,phone book,1974,1974,Coeur d'Alene; Hayden Lake; Post Falls; Bayview; Spirit Lake; Rathdrum; Worley; Dalton Gardens; Tensed; Fernan Village; Chilco; Worley; Athol,,record,record,no
directories0301,Coeur d'Alene,phone book,1975,1975,Coeur d'Alene; Hayden Lake; Post Falls; Bayview; Spirit Lake; Rathdrum; Worley; Dalton Gardens; Tensed; Fernan Village; Chilco; Worley; Athol,,record,record,no
directories0302,Coeur d'Alene,phone book,1976,1976,Coeur d'Alene; Hayden Lake; Post Falls; Bayview; Spirit Lake; Rathdrum; Worley; Dalton Gardens; Tensed; Fernan Village; Chilco; Worley; Athol,,record,record,no
directories0303,Coeur d'Alene,phone book,1977,1977,Coeur d'Alene; Hayden Lake; Post Falls; Bayview; Spirit Lake; Rathdrum; Worley; Dalton Gardens; Tensed; Fernan Village; Chilco; Worley; Athol,,record,record,no
directories0304,Coeur d'Alene,phone book,1978,1978,Coeur d'Alene; Hayden Lake; Post Falls; Bayview; Spirit Lake; Rathdrum; Worley; Dalton Gardens; Tensed; Fernan Village; Chilco; Worley; Athol,,record,record,no
directories0305,Coeur d'Alene,Polk,1980,1980,Coeur d'Alene; Post Falls; Dalton Gardens,,record,record,no
directories0306,Coeur d'Alene,Polk,1981,1981,Coeur d'Alene; Post Falls; Dalton Gardens,,record,record,no
directories0307,Coeur d'Alene,phone book,1981,1981,Coeur d'Alene; Hayden Lake; Post Falls; Bayview; Spirit Lake; Rathdrum; Worley; Dalton Gardens; Fernan Village; Chilco; Athol,,record,record,no
directories0308,Coeur d'Alene,Polk,1982,1982,Coeur d'Alene; Post Falls; Dalton Gardens; Hayden,,record,record,no
directories0309,Coeur d'Alene,phone book,1982,1982-1983,Coeur d'Alene; Hayden Lake; Post Falls; Bayview; Spirit Lake; Rathdrum; Worley; Dalton Gardens; Fernan Village; Chilco; Athol,,record,record,no
directories0310,Coeur d'Alene,Polk,1983,1983,Coeur d'Alene; Post Falls; Dalton Gardens; Hayden,,record,record,no
directories0311,Coeur d'Alene,phone book,1983,1983-1984,Coeur d'Alene; Hayden Lake; Post Falls; Bayview; Spirit Lake; Rathdrum; Worley; Dalton Gardens; Fernan Village; Chilco; Athol,,record,record,no
directories0312,Coeur d'Alene,Polk,1984,1984,Coeur d'Alene; Post Falls; Dalton Gardens; Hayden,,record,record,no
directories0313,Coeur d'Alene,phone book,1984,1984-1985,Coeur d'Alene; Hayden Lake; Post Falls; Bayview; Spirit Lake; Rathdrum; Worley; Dalton Gardens; Fernan Village; Chilco; Athol,,record,record,no
directories0314,Coeur d'Alene,phone book,1985,1985-1986,Coeur d'Alene; Hayden Lake; Post Falls; Bayview; Spirit Lake; Rathdrum; Worley; Dalton Gardens; Fernan Village; Chilco; Athol,,record,record,no
directories0315,Coeur d'Alene,phone book,1986,1986-1987,Coeur d'Alene; Hayden Lake; Post Falls; Bayview; Spirit Lake; Rathdrum; Worley; Dalton Gardens; Fernan Village; Chilco; Athol,,record,record,no
directories0316,Coeur d'Alene,Polk,1987,1987,Coeur d'Alene; Post Falls; Dalton Gardens; Hayden,,record,record,no
directories0317,Coeur d'Alene,phone book,1987,1987-1988,Coeur d'Alene; Athol; Bayview; Chilco; Dalton Gardens; Fernan Lake; Garwood; Greenacres; Hauser; Hauser Lake; Hayden Lake; Huetter; Lakeview; Pilot Rock; Post Falls; Rathdrum; Rimrock; Ross Point; Setters; Spirit Lake; Twin Lakes,,record,record,no
directories0318,Coeur d'Alene,phone book,1988,1988-1989,Coeur d'Alene; Athol; Bayview; Chilco; Dalton Gardens; Fernan Lake; Garwood; Greenacres; Hauser; Hauser Lake; Hayden Lake; Huetter; Lakeview; Pilot Rock; Post Falls; Rathdrum; Rimrock; Ross Point; Setters; Spirit Lake; Twin Lakes,,record,record,no
directories0319,Coeur d'Alene,Polk,1989,1989,Coeur d'Alene; Post Falls; Avondale; Dalton Gardens; Hayden,,record,record,no
directories0320,Coeur d'Alene,phone book,1989,1989-1990,Coeur d'Alene; Athol; Bayview; Chilco; Dalton Gardens; Fernan Lake; Garwood; Greenacres; Hauser; Hauser Lake; Hayden Lake; Huetter; Lakeview; Pilot Rock; Post Falls; Rathdrum; Rimrock; Ross Point; Setters; Spirit Lake; Twin Lakes,,record,record,no
directories0321,Coeur d'Alene,phone book,1990,1990-1991,Coeur d'Alene; Athol; Bayview; Chilco; Dalton Gardens; Fernan Lake; Garwood; Greenacres; Hauser; Hauser Lake; Hayden Lake; Huetter; Lakeview; Pilot Rock; Post Falls; Rathdrum; Rimrock; Ross Point; Setters; Spirit Lake; Twin Lakes,,record,record,no
directories0322,Coeur d'Alene,phone book,1991,1991-1992,Coeur d'Alene; Athol; Bayview; Chilco; Dalton Gardens; Fernan Lake; Garwood; Greenacres; Hauser; Hauser Lake; Hayden Lake; Huetter; Lakeview; Pilot Rock; Post Falls; Rathdrum; Rimrock; Ross Point; Setters; Spirit Lake; Twin Lakes,,record,record,no
directories0323,Coeur d'Alene,phone book,1992,1992,Coeur d'Alene; Athol; Bayview; Chilco; Dalton Gardens; Fernan Lake; Garwood; Greenacres; Hauser; Hauser Lake; Hayden Lake; Huetter; Lakeview; Pilot Rock; Post Falls; Rathdrum; Rimrock; Ross Point; Setters; Spirit Lake; Twin Lakes,,record,record,no
directories0324,Coeur d'Alene,phone book,1993,1993,Coeur d'Alene; Athol; Bayview; Chilco; Dalton Gardens; Fernan Lake; Garwood; Greenacres; Hauser; Hauser Lake; Hayden Lake; Huetter; Lakeview; Pilot Rock; Post Falls; Rathdrum; Rimrock; Ross Point; Setters; Spirit Lake; Twin Lakes,,record,record,no
directories0325,Coeur d'Alene,phone book,1993,1993-1994,Coeur d'Alene; Hayden Lake; Post Falls; Bayview; Spirit Lake; Rathdrum,,record,record,no
directories0326,Coeur d'Alene,phone book,1994,1994,Coeur d'Alene; Athol; Bayview; Chilco; Dalton Gardens; Fernan Lake; Garwood; Greenacres; Hauser; Hauser Lake; Hayden Lake; Huetter; Lakeview; Pilot Rock; Post Falls; Rathdrum; Rimrock; Ross Point; Setters; Spirit Lake; Twin Lakes,,record,record,no
directories0327,Coeur d'Alene,phone book,1995,1995,Coeur d'Alene; Athol; Bayview; Chilco; Dalton Gardens; Fernan Lake; Garwood; Greenacres; Hauser; Hauser Lake; Hayden Lake; Huetter; Lakeview; Pilot Rock; Post Falls; Rathdrum; Rimrock; Ross Point; Setters; Spirit Lake; Twin Lakes,,record,record,no
directories0328,Coeur d'Alene,phone book,1995,1995-1996,Coeur d'Alene; Bayview; Hayden Lake; Post Falls; Rathdrum; Spirit Lake,,record,record,no
directories0329,Coeur d'Alene,phone book,1997,1997-1998,Coeur d'Alene; Athol; Bayview; Chilco; Dalton Gardens; Fernan Lake; Garwood; Greenacres; Hauser; Hauser Lake; Hayden Lake; Huetter; Lakeview; Pilot Rock; Post Falls; Rathdrum; Rimrock; Ross Point; Setters; Spirit Lake; Twin Lakes,,record,record,no
directories0330,Coeur d'Alene,phone book,1998,1998-1999,Coeur d'Alene; Athol; Bayview; Chilco; Dalton Gardens; Fernan Lake; Garwood; Greenacres; Hauser; Hauser Lake; Hayden Lake; Huetter; Lakeview; Pilot Rock; Post Falls; Rathdrum; Rimrock; Ross Point; Setters; Spirit Lake; Twin Lakes,,record,record,no
directories0331,Coeur d'Alene,phone book,1998,1998-1999,Coeur d'Alene; Bayview; Bluebell; Desmet; Evergreen; Harrison; Hayden Lake; Lakeview; Post Falls; Rathdrum; Rock Creek; Setters; Spirit Lake; Tensed,,record,record,no
directories0332,Coeur d'Alene,phone book,1999,1999-2000,Coeur d'Alene; Athol; Bayview; Chilco; Dalton Gardens; Fernan Lake; Garwood; Greenacres; Hauser; Hauser Lake; Hayden Lake; Huetter; Lakeview; Pilot Rock; Post Falls; Rathdrum; Rimrock; Ross Point; Setters; Spirit Lake; Twin Lakes,,record,record,no
directories0333,Coeur d'Alene,phone book,1999,1999-2000,Coeur d'Alene; Bayview; Bluebell; Desmet; Evergreen; Harrison; Hayden Lake; Lakeview; Post Falls; Rathdrum; Rock Creek; Setters; Spirit Lake; Tensed,,record,record,no
directories0334,Coeur d'Alene,phone book,2000,2000-2001,Coeur d'Alene; Athol; Bayview; Chilco; Dalton Gardens; Fernan Lake; Garwood; Greenacres; Hauser; Hauser Lake; Hayden Lake; Huetter; Lakeview; Pilot Rock; Post Falls; Rathdrum; Rimrock; Ross Point; Setters; Spirit Lake; Twin Lakes,,record,record,no
directories0335,Coeur d'Alene,phone book,2001,2001-2002,Coeur d'Alene; Athol; Bayview; Chilco; Dalton Gardens; Fernan Lake; Garwood; Greenacres; Hauser; Hauser Lake; Hayden Lake; Huetter; Lakeview; Pilot Rock; Post Falls; Rathdrum; Rimrock; Ross Point; Setters; Spirit Lake; Twin Lakes,,record,record,no
directories0336,Downey,phone book,1953,1953,Downey; Lava Hot Springs; McCammon; Swan Lake; Arimo; Virginia; Robin,,record,record,no
directories0337,Downey,phone book,1956,1956,Downey; Lava Hot Springs; McCammon; Swan Lake; Arimo; Virginia; Robin,,record,record,no
directories0338,Downey,phone book,1958,1958,Downey; Lava Hot Springs; McCammon; Swan Lake; Arimo; Virginia; Robin,,record,record,no
directories0339,Downey,phone book,1961,1961,Downey; Lava Hot Springs; McCammon; Swan Lake; Arimo; Virginia; Robin,,record,record,no
directories0340,Downey,phone book,1966,1966,Downey; Lava Hot Springs; McCammon; Swan Lake; Arimo; Virginia; Robin,,record,record,no
directories0341,Downey,phone book,1968,1968,Downey; Lava Hot Springs; McCammon; Swan Lake; Arimo; Virginia; Robin,,record,record,no
directories0342,Downey,phone book,1969,1969,Downey; Lava Hot Springs; McCammon; Swan Lake; Arimo; Virginia; Robin,,record,record,no
directories0343,Downey,phone book,1971,1971,Downey; Lava Hot Springs; McCammon; Swan Lake; Arimo; Virginia; Robin,,record,record,no
directories0344,Dubois,phone book,1956,1956,Dubois; Hamer; Kilgore; Terreton; Camas; Spencer; Mud Lake; Monteview; Medicine Lodge; Small,,record,record,no
directories0345,Dubois,phone book,1959,1959,Dubois; Hamer; Kilgore; Terreton; Camas; Spencer; Mud Lake; Monteview; Medicine Lodge; Small,,record,record,no
directories0346,Dubois,phone book,1963,1963,Dubois; Hamer; Kilgore; Terreton; Camas; Spencer; Mud Lake; Monteview; Medicine Lodge; Small,,record,record,no
directories0347,Dubois,phone book,1968,1968,Dubois; Hamer; Kilgore; Terreton; Camas; Spencer; Mud Lake; Monteview; Medicine Lodge; Small,,record,record,no
directories0348,Dubois,phone book,1969,1969,Dubois; Hamer; Kilgore; Terreton; Camas; Spencer; Mud Lake; Monteview; Medicine Lodge; Small,,record,record,no
directories0349,Dubois,phone book,1970,1970,Dubois; Hamer; Kilgore; Terreton; Camas; Spencer; Mud Lake; Monteview; Medicine Lodge; Small,,record,record,no
directories0350,Dubois,phone book,1972,1972,Dubois; Hamer; Kilgore; Terreton; Camas; Spencer; Mud Lake; Monteview; Medicine Lodge; Small,,record,record,no
directories0351,Dubois,phone book,1973,1973,Dubois; Hamer; Kilgore; Terreton; Camas; Spencer; Mud Lake; Monteview; Medicine Lodge; Small,,record,record,no
directories0352,Dubois,phone book,1974,1974,Dubois; Hamer; Kilgore; Terreton; Camas; Spencer; Mud Lake; Monteview; Medicine Lodge; Small,,record,record,no
directories0353,Dubois,phone book,1975,1975,Dubois; Hamer; Kilgore; Terreton; Camas; Spencer; Mud Lake; Monteview; Medicine Lodge; Small,,record,record,no
directories0354,Dubois,phone book,1976,1976,Dubois; Hamer; Kilgore; Terreton; Camas; Spencer; Mud Lake; Monteview; Medicine Lodge; Small,,record,record,no
directories0355,Dubois,phone book,1978,1978,Dubois; Hamer; Kilgore; Terreton; Camas; Spencer; Mud Lake; Monteview; Medicine Lodge; Small,,record,record,no
directories0356,Dubois,phone book,1981,1981,Dubois; Hamer; Kilgore; Terreton; Camas; Spencer; Mud Lake; Monteview; Medicine Lodge; Small,,record,record,no
directories0357,Dubois,phone book,1984,1984,Dubois; Hamer; Kilgore; Terreton; Camas; Spencer; Mud Lake; Monteview; Medicine Lodge; Small,,record,record,no
directories0358,Dubois,phone book,1988,1988,Dubois; Hamer; Kilgore; Terreton; Camas; Spencer; Mud Lake; Monteview; Medicine Lodge; Small,,record,record,no
directories0359,Dubois,phone book,1990,1990,Dubois; Hamer; Kilgore; Terreton; Camas; Spencer; Mud Lake; Monteview; Medicine Lodge; Small,,record,record,no
directories0360,Dubois,phone book,1992,1992,Dubois; Hamer; Kilgore; Terreton; Camas; Spencer; Mud Lake; Monteview; Medicine Lodge; Small,,record,record,no
directories0361,Emmett,phone book,1953,1953,Emmett;,,record,record,no
directories0362,Emmett,phone book,1956,1956,Emmett;,,record,record,no
directories0363,Emmett,phone book,1993,1993-1994,Emmett; Sweet; Ola; Montour,,record,record,no
directories0364,Emmett,phone book,1995,1995-1996,Emmett; Sweet; Ola; Montour,,record,record,no
directories0365,Emmett,phone book,1996,1996-1997,Emmett; Sweet; Ola; Montour,,record,record,no
directories0366,Emmett,phone book,1997,1997-1998,Emmett; Sweet; Ola; Montour,,record,record,no
directories0367,Emmett,phone book,1998,1998-1999,Emmett; Sweet; Ola; Montour,,record,record,no
directories0368,Emmett,phone book,1999,1999-2000,Emmett; Sweet; Ola; Montour,,record,record,no
directories0369,Emmett,phone book,2000,2000-2001,Emmett; Sweet; Ola; Montour,,record,record,no
directories0370,Emmett,phone book,2003,2003,Emmett; Sweet; Ola; Montour,,record,record,no
directories0371,Emmett,phone book,2004,2004,Emmett; Sweet; Ola; Montour,,record,record,no
directories0372,Fairfield,phone book,1962,1962,Fairfield; Corral; Hill City,,record,record,no
directories0373,Fairfield,phone book,1965,1965,Fairfield; Corral; Hill City,,record,record,no
directories0374,Fairfield,phone book,1968,1968,Fairfield; Corral; Hill City,,record,record,no
directories0375,Fairfield,phone book,1969,1969-1970,Fairfield; Corral; Hill City,,record,record,no
directories0376,Fairfield,phone book,1971,1971-1972,Fairfield; Carey; Corral; Hill City,,record,record,no
directories0377,Fairfield,phone book,1972,1972-1973,Fairfield; Corral; Hill City,,record,record,no
directories0378,Fairfield,phone book,1973,1973-1974,Fairfield; Corral; Hill City,,record,record,no
directories0379,Fairfield,phone book,1974,1974-1975,Fairfield; Corral; Hill City,,record,record,no
directories0380,Fairfield,phone book,1975,1975-1976,Fairfield; Corral; Hill City,,record,record,no
directories0381,Fairfield,phone book,1980,1980,Fairfield; Corral; Hill City,,record,record,no
directories0382,Fairfield,phone book,1981,1981,Fairfield; Corral; Hill City,,record,record,no
directories0383,Fairfield,phone book,1982,1982,Fairfield; Corral; Hill City,,record,record,no
directories0384,Fairfield,phone book,1983,1983,Fairfield; Corral; Hill City,,record,record,no
directories0385,Fairfield,phone book,1985,1985,Fairfield; Corral; Hill City,,record,record,no
directories0386,Fairfield,phone book,1986,1986,Fairfield; Corral; Hill City,,record,record,no
directories0387,Fairfield,phone book,1987,1987,Fairfield; Corral; Hill City,,record,record,no
directories0388,Fairfield,phone book,1988,1988-1989,Fairfield; Corral; Hill City,,record,record,no
directories0389,Fairfield,phone book,1990,1990-1991,Fairfield; Corral; Hill City,,record,record,no
directories0390,Fairfield,phone book,1991,1991-1992,Fairfield; Corral; Hill City,,record,record,no
directories0391,Fairfield,phone book,1992,1992,Fairfield; Corral; Hill City,,record,record,no
directories0392,Gifford,phone book,1973,1973-1974,Gifford; Lenore; Albion,,record,record,no
directories0393,Gifford,phone book,1979,1979,Gifford; Lenore; Bovill; Deary; Elk River; Genesee; Harvard; Joel; Moscow; Onoway; Potlatch; Princeton; Viola,,record,record,no
directories0394,Gooding,phone book,1949,1949,Gooding; Hagerman; Jerome; Shoshone; Wendell; Pleasant Plains; Barrymore,,record,record,no
directories0395,Gooding,phone book,1952,1952-1953,Gooding; Bliss; Dietrich; Hagerman; Jerome; Shoshone; Wendell; Pleasant Plains; Barrymore,,record,record,no
directories0396,Gooding,phone book,1953,1953-1954,Gooding; Bliss; Dietrich; Hagerman; Jerome; Shoshone; Wendell; Pleasant Plains; Barrymore,,record,record,no
directories0397,Idaho Falls,Polk,1916,1916-1917,Idaho Falls; Aberdeen; Ashton; Blackfoot; Driggs; Dubois; Newdale; Rexburg; Rigby; Roberts; St. Anthony; Shelley; Sugar; Teton,Bonneville County; Bingham County; Fremont County; Jefferson County; Madison County; Teton County,record,record,no
directories0398,Idaho Falls,Polk,1929,1929-1930,Idaho Falls; Chokecherry; Gray; Iona; Irwin; Aberdeen; Basalt; Blackfoot; Firth; Fort Hall; Pingree; Shelley; Springfield; Ashton; Chester; Drummond; Parker; St. Anthony; Camas; Hamer; Heise; Level; Lorenzo; Menan; Monteview; Rigby; Ririe; Roberts; Terreton; Rexburg; Sugar; Thornton,Bonneville County; Bingham County; Fremont County; Jefferson County; Madison County; Teton County,record,record,no
directories0399,Idaho Falls,phone book,1947,1947,Idaho Falls; Rigby; Shelley; Dubois; Lewisville; Lorenzo; Ririe; Menan; Jameston; Firth; Woodville; Basalt; Taylorville; Goshen; Small; Ammon; Osgood,,record,record,no
directories0400,Idaho Falls,phone book,1951,1951,Idaho Falls; Rigby; Shelley; Dubois; Lewisville; Lorenzo; Ririe; Menan; Jameston; Firth; Woodville; Basalt; Taylorville; Goshen; Small; Ammon; Osgood,,record,record,no
directories0401,Idaho Falls,Polk,1952,1952,Idaho Falls; Iona; Rigby; Gray; Swan Valley; Ririe; Irwin; Ucon,Bonneville County,record,record,no
directories0402,Idaho Falls,phone book,1953,1953,Idaho Falls; Rigby; Shelley; Dubois; Lewisville; Lorenzo; Ririe; Menan; Jameston; Firth; Woodville; Basalt; Taylorville; Goshen; Small; Ammon; Osgood; Grant; Poplar; LaBelle,,record,record,no
directories0403,Idaho Falls,phone book,1954,1954,Idaho Falls; Rigby; Shelley; Dubois; Lewisville; Lorenzo; Ririe; Menan; Jameston; Firth; Woodville; Basalt; Taylorville; Goshen; Small; Ammon; Osgood; Grant; Poplar; LaBelle; Annis,,record,record,no
directories0404,Idaho Falls,phone book,1956,1956,Idaho Falls; Rigby; Shelley; Dubois; Lewisville; Lorenzo; Ririe; Menan; Jameston; Firth; Woodville; Basalt; Taylorville; Goshen; Small; Ammon; Osgood; Grant; Poplar; LaBelle,,record,record,no
directories0405,Idaho Falls,phone book,1956,1956-1957,Idaho Falls; Rigby; Shelley; Dubois; Lewisville; Lorenzo; Ririe; Menan; Jameston; Firth; Woodville; Basalt; Taylorville; Goshen; Small; Ammon; Osgood; Grant; Poplar; LaBelle,,record,record,no
directories0406,Idaho Falls,Polk,1957,1957,Idaho Falls; Swan Valley; Gray; Ucon; Ririe; Heise; Iona; Palisades; Irwin,Bonneville County,record,record,no
directories0407,Idaho Falls,phone book,1957,1957-1958,Idaho Falls; Rigby; Shelley; Dubois; Lewisville; Lorenzo; Ririe; Menan; Jameston; Firth; Woodville; Basalt; Taylorville; Goshen; Small; Ammon; Osgood; Grant; Poplar; LaBelle,,record,record,no
directories0408,Idaho Falls,phone book,1958,1958-1959,Idaho Falls; Ashton; Driggs; Rexburg; Rigby; Ririe; Roberts; St. Anthony; Shelley; Ucon; Shelton; Iona; Milo; Drummond; Marysville; Squirrel; Island Park; Henry's Lake; Victor; Clawson; Tetonia; Bates; Cedron; Alta; Hibbard; Salem; Thornton; Plano; Sugar City; Archer; Independence; Burton; Lorenzo; Menan; Clark; LaBelle; Lewisville; Grant; Annis; Heise; Poplar; Goshen; Woodville; Jamestown; Firth; Basalt; Taylor,,record,record,no
directories0409,Idaho Falls,phone book,1960,1960,Idaho Falls; Ashton; Driggs; Rexburg; Rigby; Ririe; Roberts; St. Anthony; Shelley; Ucon; Shelton; Iona; Milo; Drummond; Marysville; Squirrel; Island Park; Henry's Lake; Victor; Clawson; Tetonia; Bates; Cedron; Alta; Hibbard; Salem; Thornton; Plano; Sugar City; Archer; Independence; Burton; Lorenzo; Menan; Clark; LaBelle; Lewisville; Grant; Annis; Heise; Poplar; Goshen; Woodville; Jamestown; Firth; Basalt; Taylor,,record,record,no
directories0410,Idaho Falls,Polk,1960,1960,Idaho Falls; Swan Valley; Gray; Ucon; Ririe; Heise; Iona; Palisades; Irwin; Rigby,Bonneville County,record,record,no
directories0411,Idaho Falls,phone book,1961,1961,Idaho Falls; Ashton; Driggs; Rexburg; Rigby; Ririe; Roberts; St. Anthony; Shelley; Ucon; Shelton; Iona; Milo; Drummond; Marysville; Squirrel; Island Park; Henry's Lake; Victor; Clawson; Tetonia; Bates; Cedron; Alta; Hibbard; Salem; Thornton; Plano; Sugar City; Archer; Independence; Burton; Lorenzo; Menan; Clark; LaBelle; Lewisville; Grant; Annis; Heise; Poplar; Goshen; Woodville; Jamestown; Firth; Basalt; Taylor,,record,record,no
directories0412,Idaho Falls,Polk,1961,1961,Idaho Falls; Swan Valley; Gray; Ucon; Ririe; Heise; Iona; Palisades; Irwin; Rigby,Bonneville County,record,record,no
directories0413,Idaho Falls,phone book,1962,1962,Idaho Falls; Ashton; Driggs; Rexburg; Rigby; Ririe; Roberts; St. Anthony; Shelley; Ucon; Shelton; Iona; Milo; Drummond; Marysville; Squirrel; Island Park; Henry's Lake; Victor; Clawson; Tetonia; Bates; Cedron; Alta; Hibbard; Salem; Thornton; Plano; Sugar City; Archer; Independence; Burton; Lorenzo; Menan; Clark; LaBelle; Lewisville; Grant; Annis; Heise; Poplar; Goshen; Woodville; Jamestown; Firth; Basalt; Taylor,,record,record,no
directories0414,Idaho Falls,Polk,1962,1962,Idaho Falls; Swan Valley; Gray; Ucon; Ririe; Heise; Iona; Palisades; Irwin; Rigby,Bonneville County,record,record,no
directories0415,Idaho Falls,Polk,1963,1963,Idaho Falls; Swan Valley; Gray; Ucon; Ririe; Heise; Iona; Palisades; Irwin; Rigby,Bonneville County,record,record,no
directories0416,Idaho Falls,phone book,1963,1963,Idaho Falls; Ashton; Driggs; Rexburg; Rigby; Ririe; Roberts; St. Anthony; Shelley; Ucon; Shelton; Iona; Milo; Drummond; Marysville; Squirrel; Island Park; Henry's Lake; Victor; Clawson; Tetonia; Bates; Cedron; Alta; Hibbard; Salem; Thornton; Plano; Sugar City; Archer; Independence; Burton; Lorenzo; Menan; Clark; LaBelle; Lewisville; Grant; Annis; Heise; Poplar; Goshen; Woodville; Jamestown; Firth; Basalt; Taylor,,record,record,no
directories0417,Idaho Falls,phone book,1965,1965,Idaho Falls; Ashton; Driggs; Rexburg; Rigby; Ririe; Roberts; St. Anthony; Shelley; Ucon; Shelton; Iona; Milo; Drummond; Marysville; Squirrel; Island Park; Henry's Lake; Victor; Clawson; Tetonia; Bates; Cedron; Alta; Hibbard; Salem; Thornton; Plano; Sugar City; Archer; Independence; Burton; Lorenzo; Menan; Clark; LaBelle; Lewisville; Grant; Annis; Heise; Poplar; Goshen; Woodville; Jamestown; Firth; Basalt; Taylor,,record,record,no
directories0418,Idaho Falls,Polk,1965,1965,Idaho Falls; Rigby; Ririe; Shelley; Roberts; Rexburg; Lewisville; Arco,Bonneville County,record,record,no
directories0419,Idaho Falls,Polk,1966,1966,Idaho Falls; Shelley; Ucon; Irwin; Iona; Lewisville; Rigby; Ririe; Menan,Bonneville County,record,record,no
directories0420,Idaho Falls,phone book,1967,1967,Idaho Falls; Ashton; Driggs; Rexburg; Rigby; Ririe; Roberts; St. Anthony; Shelley; Ucon; Shelton; Iona; Milo; Drummond; Marysville; Squirrel; Island Park; Henry's Lake; Victor; Clawson; Tetonia; Bates; Cedron; Alta; Hibbard; Salem; Thornton; Plano; Sugar City; Archer; Independence; Burton; Lorenzo; Menan; Clark; LaBelle; Lewisville; Grant; Annis; Heise; Poplar; Goshen; Woodville; Jamestown; Firth; Basalt; Taylor,,record,record,no
directories0421,Idaho Falls,phone book,1968,1968,Idaho Falls; Ashton; Driggs; Rexburg; Rigby; Ririe; Roberts; St. Anthony; Shelley; Ucon; Shelton; Iona; Milo; Drummond; Marysville; Squirrel; Island Park; Henry's Lake; Victor; Clawson; Tetonia; Bates; Cedron; Alta; Hibbard; Salem; Thornton; Plano; Sugar City; Archer; Independence; Burton; Lorenzo; Menan; Clark; LaBelle; Lewisville; Grant; Annis; Heise; Poplar; Goshen; Woodville; Jamestown; Firth; Basalt; Taylor,,record,record,no
directories0422,Idaho Falls,phone book,1969,1969,Idaho Falls; Ashton; Driggs; Rexburg; Rigby; Ririe; Roberts; St. Anthony; Shelley; Ucon; Shelton; Iona; Milo; Drummond; Marysville; Squirrel; Island Park; Henry's Lake; Victor; Clawson; Tetonia; Bates; Cedron; Alta; Hibbard; Salem; Thornton; Plano; Sugar City; Archer; Independence; Burton; Lorenzo; Menan; Clark; LaBelle; Lewisville; Grant; Annis; Heise; Poplar; Goshen; Woodville; Jamestown; Firth; Basalt; Taylor,,record,record,no
directories0423,Idaho Falls,phone book,1970,1970,Idaho Falls; Ashton; Driggs; Rexburg; Rigby; Ririe; Roberts; St. Anthony; Shelley; Ucon; Shelton; Iona; Milo; Drummond; Marysville; Squirrel; Island Park; Henry's Lake; Victor; Clawson; Tetonia; Bates; Cedron; Alta; Hibbard; Salem; Thornton; Plano; Sugar City; Archer; Independence; Burton; Lorenzo; Menan; Clark; LaBelle; Lewisville; Grant; Annis; Heise; Poplar; Goshen; Woodville; Jamestown; Firth; Basalt; Taylor,,record,record,no
directories0424,Idaho Falls,phone book,1971,1971,Idaho Falls; Ashton; Driggs; Rexburg; Rigby; Ririe; Roberts; St. Anthony; Shelley; Ucon; Shelton; Iona; Milo; Drummond; Marysville; Squirrel; Island Park; Henry's Lake; Victor; Clawson; Tetonia; Bates; Cedron; Alta; Hibbard; Salem; Thornton; Plano; Sugar City; Archer; Independence; Burton; Lorenzo; Menan; Clark; LaBelle; Lewisville; Grant; Annis; Heise; Poplar; Goshen; Woodville; Jamestown; Firth; Basalt; Taylor,,record,record,no
directories0425,Idaho Falls,Polk,1971,1971,Idaho Falls; Ririe; Swan Valley; Rigby; Ucon; Irwin; Rexburg; Iona; Lorenzo,Bonneville County,record,record,no
directories0426,Idaho Falls,Polk,1972,1972,Idaho Falls; Ririe; Swan Valley; Rigby; Ucon; Irwin; Rexburg; Iona; Lorenzo,Bonneville County,record,record,no
directories0427,Idaho Falls,phone book,1973,1973,Idaho Falls; Arco; Ashton; Challis; Clayton; Driggs; Howe; Island Park; Mackay; May; Moore; Rexburg; Rigby; Ririe; Roberts; St. Anthony; Shelley,,record,record,no
directories0428,Idaho Falls,phone book,1974,1974,Idaho Falls; Arco; Ashton; Challis; Clayton; Driggs; Howe; Island Park; Mackay; May; Moore; Rexburg; Rigby; Ririe; Roberts; St. Anthony; Shelley,,record,record,no
directories0429,Idaho Falls,Polk,1974,1974,Idaho Falls; Ririe; Swan Valley; Rigby; Ucon; Irwin; Rexburg; Iona; Lorenzo,Bonneville County,record,record,no
directories0430,Idaho Falls,phone book,1975,1975,Idaho Falls; Arco; Ashton; Challis; Clayton; Driggs; Howe; Island Park; Mackay; May; Moore; Rexburg; Rigby; Ririe; Roberts; St. Anthony; Shelley,,record,record,no
directories0431,Idaho Falls,Polk,1975,1975,Idaho Falls; Ririe; Swan Valley; Rigby; Ucon; Irwin; Rexburg; Iona; Lorenzo,Bonneville County,record,record,no
directories0432,Idaho Falls,Polk,1976,1976,Idaho Falls; Ririe; Swan Valley; Rigby; Ucon; Irwin; Rexburg; Iona; Lorenzo,Bonneville County,record,record,no
directories0433,Idaho Falls,phone book,1976,1976,Idaho Falls; Arco; Ashton; Challis; Clayton; Driggs; Howe; Island Park; Mackay; May; Moore; Rexburg; Rigby; Ririe; Roberts; St. Anthony; Shelley,,record,record,no
directories0434,Idaho Falls,phone book,1977,1977,Idaho Falls; Arco; Ashton; Challis; Clayton; Driggs; Howe; Island Park; Mackay; May; Moore; Rexburg; Rigby; Ririe; Roberts; St. Anthony; Shelley,,record,record,no
directories0435,Idaho Falls,phone book,1978,1978,Idaho Falls; Shelley; Firth; Arco; Swan Valley; Mackay; Rigby; Ririe; Rexburg; Roberts; Mud Lake; Terreton; Dubois; St. Anthony; Ashton; Island Park; Driggs,,record,record,no
directories0436,Idaho Falls,phone book,1979,1979,Idaho Falls; Arco; Ashton; Challis; Clayton; Driggs; Howe; Island Park; Mackay; May; Moore; Rexburg; Rigby; Ririe; Roberts; St. Anthony; Shelley,,record,record,no
directories0437,Idaho Falls,phone book,1981,1981,Idaho Falls; Arco; Ashton; Challis; Clayton; Driggs; Howe; Island Park; Mackay; May; Moore; Rexburg; Rigby; Ririe; Roberts; St. Anthony; Shelley,,record,record,no
directories0438,Idaho Falls,phone book,1982,1982,Idaho Falls; Arco; Ashton; Challis; Clayton; Driggs; Howe; Island Park; Mackay; May; Moore; Rexburg; Rigby; Ririe; Roberts; St. Anthony; Shelley,,record,record,no
directories0439,Idaho Falls,Polk,1982,1982,Idaho Falls;,Bonneville County,record,record,no
directories0440,Idaho Falls,phone book,1983,1983,Idaho Falls; Arco; Ashton; Challis; Clayton; Driggs; Howe; Island Park; Mackay; May; Moore; Rexburg; Rigby; Ririe; Roberts; St. Anthony; Shelley,,record,record,no
directories0441,Idaho Falls,phone book,1984,1984,Idaho Falls; Arco; Ashton; Challis; Clayton; Driggs; Howe; Victor; Island Park; Mackay; May; Moore; Rexburg; Rigby; Ririe; Roberts; St. Anthony; Shelley,,record,record,no
directories0442,Idaho Falls,Polk,1984,1984,Idaho Falls;,Bonneville County,record,record,no
directories0443,Idaho Falls,phone book,1985,1985,Idaho Falls; Arco; Ashton; Challis; Clayton; Driggs; Victor; Tetonia; Elk Bend; Howe; Island Park; Ririe; May; Moore; Mackay; Rexburg; Rigby; Roberts; St. Anthony; Shelley,,record,record,no
directories0444,Idaho Falls,Polk,1985,1985,Idaho Falls; Ammon,Bonneville County,record,record,no
directories0445,Idaho Falls,phone book,1986,1986,Idaho Falls; Arco; Ashton; Challis; Clayton; Driggs; Victor; Tetonia; Elk Bend; Howe; Island Park; Ririe; May; Moore; Mackay; Rexburg; Rigby; Roberts; St. Anthony; Shelley,,record,record,no
directories0446,Idaho Falls,Polk,1986,1986,Idaho Falls; Ammon,Bonneville County,record,record,no
directories0447,Idaho Falls,phone book,1987,1987,Idaho Falls; Arco; Ashton; Challis; Clayton; Driggs; Victor; Tetonia; Elk Bend; Howe; Island Park; Ririe; May; Moore; Mackay; Rexburg; Rigby; Roberts; St. Anthony; Shelley,,record,record,no
directories0448,Idaho Falls,Polk,1987,1987,Idaho Falls; Ammon,Bonneville County,record,record,no
directories0449,Idaho Falls,phone book,1988,1988-1989,Idaho Falls; Arco; Ashton; Challis; Clayton; Driggs; Sugar City; Victor; Tetonia; Elk Bend; Howe; Island Park; Ririe; May; Moore; Mackay; Rexburg; Rigby; Roberts; St. Anthony; Shelley,,record,record,no
directories0450,Idaho Falls,phone book,1989,1989-1990,Idaho Falls; Arco; Ashton; Challis; Clayton; Driggs; Sugar City; Victor; Tetonia; Elk Bend; Howe; Island Park; Ririe; May; Moore; Mackay; Rexburg; Rigby; Roberts; St. Anthony; Shelley,,record,record,no
directories0451,Idaho Falls,phone book,1990,1990-1991,Idaho Falls; Arco; Ashton; Challis; Clayton; Driggs; Sugar City; Victor; Tetonia; Elk Bend; Howe; Island Park; Ririe; May; Moore; Mackay; Rexburg; Rigby; Roberts; St. Anthony; Shelley,,record,record,no
directories0452,Idaho Falls,phone book,1991,1991-1992,Idaho Falls; Arco; Ashton; Challis; Clayton; Driggs; Sugar City; Victor; Tetonia; Elk Bend; Howe; Island Park; Ririe; May; Moore; Mackay; Rexburg; Rigby; Roberts; St. Anthony; Shelley,,record,record,no
directories0453,Idaho Falls,phone book,1992,1992-1993,Idaho Falls; Arco; Ashton; Challis; Clayton; Driggs; Sugar City; Victor; Tetonia; Elk Bend; Howe; Island Park; Ririe; May; Moore; Mackay; Rexburg; Rigby; Roberts; St. Anthony; Shelley,,record,record,no
directories0454,Idaho Falls,phone book,1994,1994-1995,Idaho Falls; Arco; Ashton; Challis; Clayton; Driggs; Victor; Tetonia; Elk Bend; Firth; Howe; Island Park; Mackay; May; Moore; Rexburg; Rigby; Ririe; Roberts; St. Anthony; Shelley; Sugar city; Swan Valley; Irwin; Terreton; Mud Lake,,record,record,no
directories0455,Idaho Falls,phone book,1995,1995-1996,Idaho Falls; Arco; Ashton; Challis; Clayton; Driggs; Victor; Tetonia; Elk Bend; Firth; Howe; Island Park; Mackay; May; Moore; Rexburg; Rigby; Ririe; Roberts; St. Anthony; Shelley; Sugar city; Swan Valley; Irwin; Terreton; Mud Lake,,record,record,no
directories0456,Idaho Falls,phone book,1996,1996-1997,Idaho Falls; Arco; Ashton; Challis; Clayton; Driggs; Victor; Tetonia; Elk Bend; Firth; Howe; Island Park; Mackay; May; Moore; Rexburg; Rigby; Ririe; Roberts; St. Anthony; Shelley; Sugar city; Swan Valley; Irwin; Terreton; Mud Lake,,record,record,no
directories0457,Idaho Falls,phone book,1998,1998-1999,Idaho Falls; Arco; Ashton; Challis; Clayton; Driggs; Victor; Tetonia; Elk Bend; Firth; Howe; Island Park; Mackay; May; Moore; Rexburg; Rigby; Ririe; Roberts; St. Anthony; Shelley; Sugar city; Swan Valley; Irwin; Terreton; Mud Lake,,record,record,no
directories0458,Idaho Falls,phone book,1999,1999-2000,Idaho Falls; Arco; Ashton; Challis; Clayton; Driggs; Victor; Tetonia; Elk Bend; Firth; Howe; Island Park; Mackay; May; Moore; Rexburg; Rigby; Ririe; Roberts; St. Anthony; Shelley; Sugar city; Swan Valley; Irwin; Terreton; Mud Lake,,record,record,no
directories0459,Idaho Falls,phone book,2000,2000-2001,Idaho Falls; Arco; Ashton; Challis; Clayton; Driggs; Victor; Tetonia; Elk Bend; Firth; Howe; Island Park; Mackay; May; Moore; Rexburg; Rigby; Ririe; Roberts; St. Anthony; Shelley; Sugar city; Swan Valley; Irwin; Terreton; Mud Lake,,record,record,no
directories0460,Idaho Falls,phone book,2001,2001-2002,Idaho Falls; Arco; Ashton; Challis; Clayton; Driggs; Victor; Tetonia; Elk Bend; Firth; Howe; Island Park; Mackay; May; Moore; Rexburg; Rigby; Ririe; Roberts; St. Anthony; Shelley; Sugar city; Swan Valley; Irwin; Terreton; Mud Lake,,record,record,no
directories0461,Idaho Falls,phone book,2002,2002-2003,Idaho Falls; Ammon; Iona; Ucon; Lewisville; Menan; Newdale; Teton; Arco; Ashton; Challis; Clayton; Driggs; Victor; Tetonia; Elk Bend; Firth; Howe; Island Park; Mackay; May; Moore; Rexburg; Rigby; Ririe; Roberts; St. Anthony; Shelley; Sugar city; Swan Valley; Irwin; Terreton; Mud Lake,,record,record,no
directories0462,Idaho Falls,phone book,2004,2004-2005,Idaho Falls; Ammon; Iona; Ucon; Lewisville; Menan; Newdale; Teton; Arco; Ashton; Challis; Clayton; Driggs; Victor; Tetonia; Elk Bend; Firth; Howe; Island Park; Mackay; May; Moore; Rexburg; Rigby; Ririe; Roberts; St. Anthony; Shelley; Sugar city; Swan Valley; Irwin; Terreton; Mud Lake,,record,record,no
directories0463,Kellogg,Polk,1924,1924-1925,Kellogg; Burke; Gem; Wardner; Wallace; Mullan,Shoshone County,record,record,no
directories0464,Kellogg,phone book,1932,1932,Kellogg; Wallace; Mullan; Gem; Burke; Osborne; Wardner; Enaville; Harrison; Plummer; Worley; Cataldo,,record,record,no
directories0465,Kellogg,phone book,1933,1933,Kellogg; Wallace; Mullan; Gem; Burke; Osborne; Wardner; Enaville; Harrison; Plummer; Cataldo; Kingston,,record,record,no
directories0466,Kellogg,phone book,1934,1934,Kellogg; Wallace; Mullan; Osborne; Burke; Gem; Kingston; Wardner; Enaville; Cataldo; Harrison; Bovill,,record,record,no
directories0467,Kellogg,phone book,1944,1944,Kellogg; Wallace; Mullan; Osburn; Burke; Mace; Silverton; Millroad; Bingville; Smelterville; Wardner; Enaville; Kingston; Gem,,record,record,no
directories0468,Kellogg,phone book,1945,1945,Kellogg; Wallace; Mullan; Osburn; Burke; Mace; Silverton; Millroad; Bingville; Smelterville; Wardner; Enaville; Kingston; Gem,,record,record,no
directories0469,Kellogg,phone book,1946,1946,Kellogg; Wallace; Mullan; Osburn; Burke; Mace; Silverton; Millroad; Bingville; Smelterville; Wardner; Enaville; Kingston; Pinehurst; Gem,,record,record,no
directories0470,Kellogg,phone book,1947,1947,Kellogg; Wallace; Mullan; Osburn; Burke; Mace; Silverton; Millroad; Bingville; Smelterville; Wardner; Enaville; Kingston; Pinehurst; Gem,,record,record,no
directories0471,Kellogg,phone book,1948,1948,Kellogg; Wallace; Mullan; Osburn; Burke; Mace; Silverton; Millroad; Bingville; Smelterville; Wardner; Enaville; Kingston; Pinehurst; Gem,,record,record,no
directories0472,Kellogg,phone book,1949,1949,Kellogg; Wallace; Mullan; Osburn; Burke; Mace; Silverton; Millroad; Bingville; Smelterville; Wardner; Enaville; Kingston; Pinehurst; Gem,,record,record,no
directories0473,Kellogg,phone book,1950,1950,Kellogg; Wallace; Mullan; Osburn; Burke; Mace; Silverton; Millroad; Bingville; Smelterville; Wardner; Enaville; Kingston; Pinehurst; Gem,,record,record,no
directories0474,Kellogg,phone book,1951,1951,Kellogg; Wallace; Mullan; Osburn; Burke; Mace; Silverton; Millroad; Bingville; Smelterville; Wardner; Enaville; Kingston; Pinehurst; Bunker Hill; Gem,,record,record,no
directories0475,Kellogg,phone book,1952,1952,Kellogg; Wallace; Mullan; Osburn; Burke; Mace; Silverton; Millroad; Bingville; Smelterville; Wardner; Enaville; Kingston; Pinehurst; Bunker Hill; Gem,,record,record,no
directories0476,Kellogg,phone book,1953,1953,Kellogg; Wallace; Mullan; Osburn; Burke; Mace; Silverton; Millroad; Bingville; Smelterville; Wardner; Enaville; Kingston; Pinehurst; Bunker Hill; Gem,,record,record,no
directories0477,Kellogg,phone book,1954,1954,Kellogg; Wallace; Mullan; Osburn; Burke; Mace; Silverton; Millroad; Bingville; Smelterville; Wardner; Enaville; Kingston; Pinehurst; Bunker Hill; Gem,,record,record,no
directories0478,Kellogg,phone book,1956,1956,Kellogg; Wallace; Mullan; Osburn; Burke; Mace; Silverton; Millroad; Bingville; Smelterville; Wardner; Enaville; Kingston; Pinehurst; Bunker Hill; Gem,,record,record,no
directories0479,Kellogg,phone book,1957,1957,Kellogg; Wallace; Mullan; Osburn; Burke; Mace; Silverton; Millroad; Bingville; Smelterville; Wardner; Enaville; Kingston; Pinehurst; Bunker Hill; Gem,,record,record,no
directories0480,Kellogg,phone book,1958,1958,Kellogg; Wallace; Mullan; Osburn; Burke; Mace; Silverton; Millroad; Bingville; Smelterville; Wardner; Enaville; Kingston; Pinehurst; Bunker Hill; Gem,,record,record,no
directories0481,Kellogg,phone book,1959,1959,Kellogg; Wallace; Mullan; Osburn; Burke; Mace; Silverton; Millroad; Bingville; Smelterville; Wardner; Enaville; Kingston; Pinehurst; Bunker Hill; Gem,,record,record,no
directories0482,Kellogg,phone book,1960,1960,Kellogg; Wallace; Mullan; Osburn; Burke; Mace; Silverton; Millroad; Bingville; Smelterville; Wardner; Enaville; Kingston; Pinehurst; Bunker Hill; Gem,,record,record,no
directories0483,Kellogg,phone book,1961,1961,Kellogg; Wallace; Mullan; Osburn; Burke; Mace; Silverton; Millroad; Bingville; Smelterville; Wardner; Enaville; Kingston; Pinehurst; Bunker Hill; Gem,,record,record,no
directories0484,Kellogg,phone book,1962,1962,Kellogg; Wallace; Mullan; Osburn; Burke; Mace; Silverton; Millroad; Bingville; Smelterville; Wardner; Enaville; Kingston; Pinehurst; Gem,,record,record,no
directories0485,Wallace,Polk,1962,1962,Wallace; Osburn; Mullan; Silverton; Burke; Woodland Park; Kingston; Woodland Park; Gem; Mace;,,record,record,no
directories0486,Kellogg,phone book,1963,1963,Kellogg; Wallace; Mullan; Osburn; Burke; Mace; Silverton; Millroad; Bingville; Smelterville; Wardner; Enaville; Kingston; Pinehurst; Murray; Gem,,record,record,no
directories0487,Kellogg,phone book,1964,1964,Kellogg; Wallace; Mullan; Osburn; Burke; Mace; Silverton; Millroad; Bingville; Smelterville; Wardner; Enaville; Kingston; Pinehurst; Murray; Gem,,record,record,no
directories0488,Kellogg,phone book,1965,1965,Kellogg; Wallace; Mullan; Osburn; Burke; Mace; Silverton; Millroad; Bingville; Smelterville; Wardner; Enaville; Kingston; Pinehurst; Murray; Gem,,record,record,no
directories0489,Kellogg,Polk,1966,1966,Kellogg; Wallace; Osburn; Mullan; Pinehurst; Silverton; Smelterville; Wardner; Woodland Park; Kingston; Cataldo; Murray; Gem;,,record,record,no
directories0490,Kellogg,phone book,1967,1967,Kellogg; Wallace; Mullan; Osburn; Burke; Mace; Silverton; Millroad; Bingville; Smelterville; Wardner; Enaville; Kingston; Pinehurst; Murray; Gem,,record,record,no
directories0491,Kellogg,phone book,1968,1968,Kellogg; Wallace; Mullan; Osburn; Burke; Mace; Silverton; Millroad; Bingville; Smelterville; Wardner; Enaville; Kingston; Pinehurst; Murray; Gem,,record,record,no
directories0492,Kellogg,phone book,1969,1969,Kellogg; Wallace; Mullan; Osburn; Burke; Mace; Silverton; Millroad; Bingville; Smelterville; Wardner; Enaville; Kingston; Pinehurst; Murray; Gem,,record,record,no
directories0493,Kellogg,phone book,1970,1970,Kellogg; Wallace; Mullan; Osburn; Burke; Mace; Silverton; Millroad; Bingville; Smelterville; Wardner; Enaville; Kingston; Pinehurst; Murray; Gem,,record,record,no
directories0494,Kellogg,Polk,1970,1970,Kellogg; Wallace; Osburn; Mullan; Pinehurst; Silverton; Smelterville; Wardner; Woodland Park; Kingston; Cataldo; Murray; Gem;,Shoshone County,record,record,no
directories0495,Kellogg,phone book,1971,1971,Kellogg; Blackcloud; Burke; Cataldo; Delta; Dudley; Eagle; Elizabeth Park; Enaville; Gem; Kellogg; Kingston; Lower Mace; Mace; Mullan; Murray; Osburn; Page; Pinehurst; Prichard; Rose Lake; Silver King; Silverton; Smelterville; Wallace; Wardner; Woodland Park,,record,record,no
directories0496,Kellogg,phone book,1972,1972,Kellogg; Blackcloud; Burke; Cataldo; Delta; Dudley; Eagle; Elizabeth Park; Enaville; Gem; Kellogg; Kingston; Lower Mace; Mace; Mullan; Murray; Osburn; Page; Pinehurst; Prichard; Rose Lake; Silver King; Silverton; Smelterville; Wallace; Wardner; Woodland Park,,record,record,no
directories0497,Kellogg,Polk,1972,1972,Kellogg; Wallace; Osburn; Mullan; Pinehurst; Silverton; Smelterville; Wardner; Woodland Park; Kingston; Cataldo; Murray; Gem;,,record,record,no
directories0498,Kellogg,phone book,1973,1973,Kellogg; Blackcloud; Burke; Cataldo; Delta; Dudley; Eagle; Elizabeth Park; Enaville; Gem; Kellogg; Kingston; Lower Mace; Mace; Mullan; Murray; Osburn; Page; Pinehurst; Prichard; Rose Lake; Silver King; Silverton; Smelterville; Wallace; Wardner; Woodland Park,,record,record,no
directories0499,Kellogg,phone book,1974,1974,Kellogg; Blackcloud; Burke; Cataldo; Delta; Dudley; Eagle; Elizabeth Park; Enaville; Gem; Kellogg; Kingston; Lower Mace; Mace; Mullan; Murray; Osburn; Page; Pinehurst; Prichard; Rose Lake; Silver King; Silverton; Smelterville; Wallace; Wardner; Woodland Park,,record,record,no
directories0500,Kellogg,phone book,1975,1975,Kellogg; Blackcloud; Burke; Cataldo; Delta; Dudley; Eagle; Elizabeth Park; Enaville; Gem; Kellogg; Kingston; Lower Mace; Mace; Mullan; Murray; Osburn; Page; Pinehurst; Prichard; Rose Lake; Silver King; Silverton; Smelterville; Wallace; Wardner; Woodland Park,,record,record,no
directories0501,Kellogg,phone book,1976,1976,Kellogg; Blackcloud; Burke; Cataldo; Delta; Dudley; Eagle; Elizabeth Park; Enaville; Gem; Kellogg; Kingston; Lower Mace; Mace; Mullan; Murray; Osburn; Page; Pinehurst; Prichard; Rose Lake; Silver King; Silverton; Smelterville; Wallace; Wardner; Woodland Park,,record,record,no
directories0502,Kellogg,Polk,1976,1976,Kellogg; Wallace; Osburn; Mullan; Pinehurst; Silverton; Smelterville; Wardner; Woodland Park; Kingston; Cataldo; Murray; Gem;,,record,record,no
directories0503,Kellogg,phone book,1977,1977,Kellogg; Blackcloud; Burke; Cataldo; Delta; Dudley; Eagle; Elizabeth Park; Enaville; Gem; Kellogg; Kingston; Lower Mace; Mace; Mullan; Murray; Osburn; Page; Pinehurst; Prichard; Rose Lake; Silver King; Silverton; Smelterville; Wallace; Wardner; Woodland Park,,record,record,no
directories0504,Kellogg,phone book,1978,1978,Kellogg; Blackcloud; Burke; Cataldo; Delta; Dudley; Eagle; Elizabeth Park; Enaville; Gem; Kellogg; Kingston; Lower Mace; Mace; Mullan; Murray; Osburn; Page; Pinehurst; Prichard; Rose Lake; Silver King; Silverton; Smelterville; Wallace; Wardner; Woodland Park,,record,record,no
directories0505,Kellogg,phone book,1979,1979,Kellogg; Blackcloud; Burke; Cataldo; Delta; Dudley; Eagle; Elizabeth Park; Enaville; Gem; Kellogg; Kingston; Lower Mace; Mace; Mullan; Murray; Osburn; Page; Pinehurst; Prichard; Rose Lake; Silver King; Silverton; Smelterville; Wallace; Wardner; Woodland Park,,record,record,no
directories0506,Kellogg,phone book,1981,1981,Kellogg; Blackcloud; Burke; Cataldo; Delta; Dudley; Eagle; Elizabeth Park; Enaville; Gem; Kellogg; Kingston; Lower Mace; Mace; Mullan; Murray; Osburn; Page; Pinehurst; Prichard; Rose Lake; Silver King; Silverton; Smelterville; Wallace; Wardner; Woodland Park,,record,record,no
directories0507,Kellogg,phone book,1982,1982-1983,Kellogg; Blackcloud; Burke; Cataldo; Delta; Dudley; Eagle; Elizabeth Park; Enaville; Gem; Kellogg; Kingston; Lower Mace; Mace; Mullan; Murray; Osburn; Page; Pinehurst; Prichard; Rose Lake; Silver King; Silverton; Smelterville; Wallace; Wardner; Woodland Park,,record,record,no
directories0508,Kellogg,phone book,1983,1983-1984,Kellogg; Blackcloud; Burke; Cataldo; Delta; Dudley; Eagle; Elizabeth Park; Enaville; Gem; Kellogg; Kingston; Lower Mace; Mace; Mullan; Murray; Osburn; Page; Pinehurst; Prichard; Rose Lake; Silver King; Silverton; Smelterville; Wallace; Wardner; Woodland Park,,record,record,no
directories0509,Kellogg,phone book,1984,1984-1985,Kellogg; Blackcloud; Burke; Cataldo; Delta; Dudley; Eagle; Elizabeth Park; Enaville; Gem; Kellogg; Kingston; Lower Mace; Mace; Mullan; Murray; Osburn; Page; Pinehurst; Prichard; Rose Lake; Silver King; Silverton; Smelterville; Wallace; Wardner; Woodland Park,,record,record,no
directories0510,Kellogg,phone book,1985,1985-1986,Kellogg; Blackcloud; Burke; Cataldo; Delta; Dudley; Eagle; Elizabeth Park; Enaville; Gem; Kellogg; Kingston; Lower Mace; Mace; Mullan; Murray; Osburn; Page; Pinehurst; Prichard; Rose Lake; Silver King; Silverton; Smelterville; Wallace; Wardner; Woodland Park,,record,record,no
directories0511,Kellogg,phone book,1986,1986-1987,Kellogg; Blackcloud; Burke; Cataldo; Delta; Dudley; Eagle; Elizabeth Park; Enaville; Gem; Kellogg; Kingston; Lower Mace; Mace; Mullan; Murray; Osburn; Page; Pinehurst; Prichard; Rose Lake; Silver King; Silverton; Smelterville; Wallace; Wardner; Woodland Park,,record,record,no
directories0512,Kellogg,phone book,1987,1987-1988,Kellogg; Blackcloud; Burke; Cataldo; Delta; Dudley; Eagle; Elizabeth Park; Enaville; Gem; Kellogg; Kingston; Lower Mace; Mace; Mullan; Murray; Osburn; Page; Pinehurst; Prichard; Rose Lake; Silver King; Silverton; Smelterville; Wallace; Wardner; Woodland Park,,record,record,no
directories0513,Kellogg,phone book,1988,1988-1989,Kellogg; Blackcloud; Burke; Cataldo; Delta; Dudley; Eagle; Elizabeth Park; Enaville; Gem; Kellogg; Kingston; Lower Mace; Mace; Mullan; Murray; Osburn; Page; Pinehurst; Prichard; Rose Lake; Silver King; Silverton; Smelterville; Wallace; Wardner; Woodland Park,,record,record,no
directories0514,Kellogg,phone book,1989,1989-1990,Kellogg; Blackcloud; Burke; Cataldo; Delta; Dudley; Eagle; Elizabeth Park; Enaville; Gem; Kellogg; Kingston; Lower Mace; Mace; Mullan; Murray; Osburn; Page; Pinehurst; Prichard; Rose Lake; Silver King; Silverton; Smelterville; Wallace; Wardner; Woodland Park,,record,record,no
directories0515,Kellogg,phone book,1990,1990-1991,Kellogg; Blackcloud; Burke; Cataldo; Delta; Dudley; Eagle; Elizabeth Park; Enaville; Gem; Kellogg; Kingston; Lower Mace; Mace; Mullan; Murray; Osburn; Page; Pinehurst; Prichard; Rose Lake; Silver King; Silverton; Smelterville; Wallace; Wardner; Woodland Park,,record,record,no
directories0516,Kellogg,phone book,1991,1991-1992,Kellogg; Blackcloud; Burke; Cataldo; Delta; Dudley; Eagle; Elizabeth Park; Enaville; Gem; Kellogg; Kingston; Lower Mace; Mace; Mullan; Murray; Osburn; Page; Pinehurst; Prichard; Rose Lake; Silver King; Silverton; Smelterville; Wallace; Wardner; Woodland Park,,record,record,no
directories0517,Kellogg,phone book,1992,1992-1993,Kellogg; Blackcloud; Burke; Cataldo; Delta; Dudley; Eagle; Elizabeth Park; Enaville; Gem; Kellogg; Kingston; Lower Mace; Mace; Mullan; Murray; Osburn; Page; Pinehurst; Prichard; Rose Lake; Silver King; Silverton; Smelterville; Wallace; Wardner; Woodland Park,,record,record,no
directories0518,Kellogg,phone book,1993,1993-1994,Kellogg; Blackcloud; Burke; Cataldo; Delta; Dudley; Eagle; Elizabeth Park; Enaville; Gem; Kellogg; Kingston; Lower Mace; Mace; Mullan; Murray; Osburn; Page; Pinehurst; Prichard; Rose Lake; Silver King; Silverton; Smelterville; Wallace; Wardner; Woodland Park,,record,record,no
directories0519,Kellogg,phone book,1994,1994-1995,Kellogg; Blackcloud; Burke; Cataldo; Delta; Dudley; Eagle; Elizabeth Park; Enaville; Gem; Kellogg; Kingston; Lower Mace; Mace; Mullan; Murray; Osburn; Page; Pinehurst; Prichard; Rose Lake; Silver King; Silverton; Smelterville; Wallace; Wardner; Woodland Park,,record,record,no
directories0520,Kellogg,phone book,1995,1995-1996,Kellogg; Blackcloud; Burke; Cataldo; Delta; Dudley; Eagle; Elizabeth Park; Enaville; Gem; Kellogg; Kingston; Lower Mace; Mace; Mullan; Murray; Osburn; Page; Pinehurst; Prichard; Rose Lake; Silver King; Silverton; Smelterville; Wallace; Wardner; Woodland Park,,record,record,no
directories0521,Kellogg,phone book,1997,1997-1998,Kellogg; Blackcloud; Burke; Cataldo; Delta; Dudley; Eagle; Elizabeth Park; Enaville; Gem; Kellogg; Kingston; Lower Mace; Mace; Mullan; Murray; Osburn; Page; Pinehurst; Prichard; Rose Lake; Silver King; Silverton; Smelterville; Wallace; Wardner; Woodland Park,,record,record,no
directories0522,Kellogg,phone book,1998,1998-1999,Kellogg; Blackcloud; Burke; Cataldo; Delta; Dudley; Eagle; Elizabeth Park; Enaville; Gem; Kellogg; Kingston; Lower Mace; Mace; Mullan; Murray; Osburn; Page; Pinehurst; Prichard; Rose Lake; Silver King; Silverton; Smelterville; Wallace; Wardner; Woodland Park,,record,record,no
directories0523,Kellogg,phone book,1999,1999-2000,Kellogg; Blackcloud; Burke; Cataldo; Delta; Dudley; Eagle; Elizabeth Park; Enaville; Gem; Kellogg; Kingston; Lower Mace; Mace; Mullan; Murray; Osburn; Page; Pinehurst; Prichard; Rose Lake; Silver King; Silverton; Smelterville; Wallace; Wardner; Woodland Park,,record,record,no
directories0524,Kellogg,phone book,2000,2000-2001,Kellogg; Blackcloud; Burke; Cataldo; Delta; Dudley; Eagle; Elizabeth Park; Enaville; Gem; Kellogg; Kingston; Lower Mace; Mace; Mullan; Murray; Osburn; Page; Pinehurst; Prichard; Rose Lake; Silver King; Silverton; Smelterville; Wallace; Wardner; Woodland Park,,record,record,no
directories0525,Kellogg,phone book,2001,2001,Kellogg; Blackcloud; Burke; Cataldo; Delta; Dudley; Eagle; Elizabeth Park; Enaville; Gem; Kellogg; Kingston; Lower Mace; Mace; Mullan; Murray; Osburn; Page; Pinehurst; Prichard; Rose Lake; Silver King; Silverton; Smelterville; Wallace; Wardner; Woodland Park,,record,record,no
directories0526,Kellogg,phone book,2002,2002,Kellogg; Blackcloud; Burke; Cataldo; Delta; Dudley; Eagle; Elizabeth Park; Enaville; Gem; Kellogg; Kingston; Lower Mace; Mace; Mullan; Murray; Osburn; Page; Pinehurst; Prichard; Rose Lake; Silver King; Silverton; Smelterville; Wallace; Wardner; Woodland Park,,record,record,no
directories0527,Kellogg,phone book,2003,2003-2004,Kellogg; Blackcloud; Burke; Cataldo; Delta; Dudley; Eagle; Elizabeth Park; Enaville; Gem; Kellogg; Kingston; Lower Mace; Mace; Mullan; Murray; Osburn; Page; Pinehurst; Prichard; Rose Lake; Silver King; Silverton; Smelterville; Wallace; Wardner; Woodland Park,,record,record,no
directories0528,Kellogg,phone book,2004,2004-2005,Kellogg; Blackcloud; Burke; Cataldo; Delta; Dudley; Eagle; Elizabeth Park; Enaville; Gem; Kellogg; Kingston; Lower Mace; Mace; Mullan; Murray; Osburn; Page; Pinehurst; Prichard; Rose Lake; Silver King; Silverton; Smelterville; Wallace; Wardner; Woodland Park,,record,record,no
directories0529,Kellogg,phone book,2005,2005,Kellogg; Blackcloud; Burke; Cataldo; Delta; Dudley; Eagle; Elizabeth Park; Enaville; Gem; Kellogg; Kingston; Lower Mace; Mace; Mullan; Murray; Osburn; Page; Pinehurst; Prichard; Rose Lake; Silver King; Silverton; Smelterville; Wallace; Wardner; Woodland Park,,record,record,no
directories0530,Kendrick,phone book,1955,1955,Kendrick; Juliaetta; Southwick; Cameron,,record,record,no
directories0531,Kendrick,phone book,1956,1956,Kendrick; Juliaetta; Southwick,,record,record,no
directories0532,Kendrick,phone book,1959,1959,Kendrick; Juliaetta; Southwick,,record,record,no
directories0533,Kendrick,phone book,1960,1960,Kendrick; Juliaetta; Southwick,,record,record,no
directories0534,Kendrick,phone book,1965,1965,Kendrick; Juliaetta; Southwick,,record,record,no
directories0535,Kendrick,phone book,1967,1967,Kendrick; Juliaetta; Southwick,,record,record,no
directories0536,Kendrick,phone book,1968,1968,Kendrick; Juliaetta; Southwick,,record,record,no
directories0537,Kendrick,phone book,1969,1969,Kendrick; Juliaetta; Southwick,,record,record,no
directories0538,Kendrick,phone book,1970,1970,Kendrick; Juliaetta; Southwick,,record,record,no
directories0539,Kendrick,phone book,1971,1971,Kendrick; Juliaetta; Southwick,,record,record,no
directories0540,Kendrick,phone book,1972,1972-1973,Kendrick; Juliaetta; Southwick,,record,record,no
directories0541,Kendrick,phone book,1973,1973-1974,Kendrick; Juliaetta; Southwick,,record,record,no
directories0542,Kendrick,phone book,1974,1974-1975,Kendrick; Juliaetta; Southwick,,record,record,no
directories0543,Kendrick,phone book,1976,1976-1977,Kendrick; Juliaetta; Southwick,,record,record,no
directories0544,Kendrick,phone book,1980,1980,Kendrick; Juliaetta; Bovill; Deary; Elk River; Genesee; Moscow; Potlatch; Troy,,record,record,no
directories0545,Kendrick,phone book,1981,1981,Kendrick; Juliaetta; Bovill; Deary; Elk River; Genesee; Moscow; Potlatch; Troy,,record,record,no
directories0546,Kendrick,phone book,1982,1982,Kendrick; Juliaetta; Bovill; Deary; Elk River; Genesee; Moscow; Potlatch; Troy,,record,record,no
directories0547,Kendrick,phone book,1984,1984,Kendrick; Juliaetta; Bovill; Deary; Elk River; Genesee; Moscow; Potlatch; Lewiston; Troy,,record,record,no
directories0548,Kendrick,phone book,1985,1985,Kendrick; Juliaetta; Bovill; Deary; Elk River; Genesee; Moscow; Potlatch; Lewiston; Troy,,record,record,no
directories0549,Kendrick,phone book,1986,1986,Kendrick; Juliaetta; Bovill; Deary; Elk River; Genesee; Moscow; Potlatch; Lewiston; Troy,,record,record,no
directories0550,Kendrick,phone book,1988,1988,Kendrick; Juliaetta; Bovill; Deary; Elk River; Genesee; Moscow; Potlatch; Lewiston,,record,record,no
directories0551,Kendrick,phone book,1989,1989,Kendrick; Juliaetta; Bovill; Deary; Elk River; Genesee; Moscow; Potlatch; Troy,,record,record,no
directories0552,Kendrick,phone book,1990,1990,Kendrick; Juliaetta; Bovill; Deary; Elk River; Genesee; Moscow; Potlatch; Troy,,record,record,no
directories0553,Kendrick,phone book,1992,1992,Kendrick; Juliaetta; Bovill; Deary; Elk River; Genesee; Moscow; Potlatch; Troy,,record,record,no
directories0554,Kendrick,phone book,1992,1992-1993,Kendrick; Juliaetta; Bovill; Deary; Elk River; Genesee; Moscow; Potlatch; Troy,,record,record,no
directories0555,Lewiston,phone book,1920,1920,Lewiston; Grangeville; Cottonwood; Culdesac; Ilo; Kamiah; Nezperce,,record,record,no
directories0556,Lewiston,Polk,1921,1921-1922,Lewiston; Lewiston Orchards,,record,record,no
directories0557,Lewiston,Polk,1927,1927,Lewiston; Lewiston Orchards; Agatha; Cameron; Culdesac; Forest; Genesee; Gifford; Juliaetta; Lapwai; Leland; Lenore; Melrose; Myrtle; Peck; Reubens; Southwick; Spalding; Summit; Sweetwater; Waha,Nez Perce County,record,record,no
directories0558,Lewiston,phone book,1929,1929,Lewiston; Cottonwood; Craigmont; Ferdinand; Grangeville; Kamiah; Kooskia; Lapwai; Nezperce; Reubens; Stites; Winchester,,record,record,no
directories0559,Lewiston,Polk,1936,1936-1937,Lewiston; Lewiston Orchards; Lewiston State Normal School; Cameron; Culdesac; Forest; Genesee; Gifford; Juliaetta; Lapwai; Leland; Lenore; Melrose; Myrtle; Peck; Reubens; Southwick; Spalding; Sweetwater,Nez Perce County,record,record,no
directories0560,Lewiston,Polk,1941,1941,Lewiston; Lewiston Orchards; Lewiston State Normal School; Cameron; Culdesac; Forest; Genesee; Gifford; Juliaetta; Lapwai; Leland; Lenore; Melrose; Myrtle; Peck; Reubens; Southwick; Spalding; Sweetwater,Nez Perce County,record,record,no
directories0561,Lewiston,phone book,1943,1943,Lewiston; Cottonwood; Craigmont; Culdesac; Ferdinand; Grangeville; Kamiah; Kooskia; Lapwai; Nezperce; Reubens; Stites; Winchester,,record,record,no
directories0562,Lewiston,phone book,1946,1946,Lewiston; Cottonwood; Craigmont; Culdesac; Ferdinand; Gifford; Grangeville; Kamiah; Kooskia; Lapwai; Nezperce; Reubens; Stites; Winchester,,record,record,no
directories0563,Lewiston,phone book,1948,1948,Lewiston; Cottonwood; Craigmont; Culdesac; Ferdinand; Gifford; Grangeville; Kamiah; Kooskia; Lapwai; Nezperce; Reubens; Stites; Winchester,,record,record,no
directories0564,Lewiston,Polk,1948,1948,Lewiston; Cameron; Culdesac; Genesee; Gifford; Juliaetta; Lapwai; Lenore; Myrtle; Peck; Southwick; Spalding; Lewiston Orchards,Nez Perce County,record,record,no
directories0565,Lewiston,phone book,1949,1949,Lewiston; Cottonwood; Craigmont; Culdesac; Ferdinand; Gifford; Grangeville; Kamiah; Kooskia; Lapwai; Nezperce; Reubens; Stites; Winchester,,record,record,no
directories0566,Lewiston,phone book,1952-03,1952-03,Lewiston; Cottonwood; Craigmont; Culdesac; Ferdinand; Gifford; Grangeville; Kamiah; Kooskia; Lapwai; Nezperce; Reubens; Stites; Winchester,,record,record,no
directories0567,Lewiston,phone book,1952-11,1952-11,Lewiston; Cottonwood; Craigmont; Culdesac; Ferdinand; Gifford; Grangeville; Kamiah; Kooskia; Lapwai; Nezperce; Reubens; Stites; Winchester,,record,record,no
directories0568,Lewiston,Polk,1953,1953,Lewiston; Lewiston Orchards,,record,record,no
directories0569,Lewiston,phone book,1954,1954,Lewiston; Cottonwood; Craigmont; Culdesac; Ferdinand; Gifford; Grangeville; Kamiah; Kooskia; Lapwai; Nezperce; Reubens; Stites; Winchester,,record,record,yes
directories0570,Lewiston,phone book,1955,1955,Lewiston; Cottonwood; Craigmont; Culdesac; Ferdinand; Gifford; Grangeville; Kamiah; Kooskia; Lapwai; Nezperce; Reubens; Stites; Winchester,,record,record,no
directories0571,Lewiston,phone book,1956,1956,Lewiston; Cottonwood; Craigmont; Culdesac; Ferdinand; Gifford; Grangeville; Kamiah; Kooskia; Lapwai; Nezperce; Reubens; Stites; Winchester,,record,record,no
directories0572,Lewiston,Polk,1956,1956,Lewiston; Lewiston Orchards,,record,record,no
directories0573,Lewiston,phone book,1957,1957,Lewiston; Cottonwood; Craigmont; Culdesac; Ferdinand; Gifford; Grangeville; Kamiah; Kooskia; Lapwai; Nezperce; Reubens; Stites; Winchester,,record,record,no
directories0574,Lewiston,Polk,1958,1958,Lewiston; Lewiston Orchards,,record,record,no
directories0575,Lewiston,Polk,1959,1959-1960,Lewiston; Lewiston Orchards,,record,record,no
directories0576,Lewiston,phone book,1960,1960,Lewiston; Cottonwood; Craigmont; Ferdinand; Gifford; Grangeville; Kamiah; Kooskia; Nezperce; Reubens; Stites; Winchester,,record,record,no
directories0577,Lewiston,phone book,1961,1961,Lewiston; Cottonwood; Craigmont; Ferdinand; Gifford; Grangeville; Kamiah; Kooskia; Nezperce; Reubens; Stites; Winchester,,record,record,no
directories0578,Lewiston,Polk,1961,1961,Lewiston; Lenore; Lapwai; Genesee; Juliaetta; Culdesac; Southwick; Winchester; Peck; Gifford; Kendrick; Reubens; Spalding; Lewiston Orchards,Nez Perce County,record,record,no
directories0579,Lewiston,phone book,1962,1962,Lewiston; Cottonwood; Craigmont; Ferdinand; Gifford; Grangeville; Kamiah; Kooskia; Nezperce; Reubens; Stites; Winchester,,record,record,no
directories0580,Lewiston,Polk,1962,1962,Lewiston; Lenore; Lapwai; Genesee; Juliaetta; Culdesac; Southwick; Winchester; Peck; Gifford; Kendrick; Reubens; Spalding; Lewiston Orchards,Nez Perce County,record,record,no
directories0581,Lewiston,phone book,1963,1963,Lewiston; Cottonwood; Craigmont; Ferdinand; Gifford; Grangeville; Kamiah; Kooskia; Nezperce; Reubens; Stites; Winchester,,record,record,no
directories0582,Lewiston,phone book,1964,1964,Lewiston; Cottonwood; Craigmont; Ferdinand; Gifford; Grangeville; Kamiah; Kooskia; Nezperce; Reubens; Stites; Winchester,,record,record,no
directories0583,Lewiston,Polk,1964,1964,Lewiston; Lenore; Lapwai; Genesee; Juliaetta; Culdesac; Southwick; Winchester; Peck; Gifford; Kendrick; Reubens; Spalding; Lewiston Orchards,Nez Perce County,record,record,no
directories0584,Lewiston,phone book,1965,1965,Lewiston; Cottonwood; Ferdinand; Craigmont; Reubens; Winchester; Grangeville; Kamiah; Kooskia; Stites; Lapwai; Culdesac; Nezperce; Elk City; Gifford; White Bird;,,record,record,no
directories0585,Lewiston,Polk,1965,1965,Lewiston; Lenore; Lapwai; Genesee; Juliaetta; Culdesac; Southwick; Winchester; Peck; Gifford; Kendrick; Reubens; Spalding; Lewiston Orchards,Nez Perce County,record,record,no
directories0586,Lewiston,Polk,1966,1966,Lewiston; Lenore; Genesee; Nezperce; Juliaetta; Lapwai; Culdesac; Spalding; Peck; Southwick; Gifford; Reubens; Kendrick; Lewiston Orchards,Nez Perce County,record,record,no
directories0587,Lewiston,phone book,1967,1967,Lewiston; Cottonwood; Ferdinand; Craigmont; Reubens; Winchester; Grangeville; Kamiah; Kooskia; Stites; Lapwai; Culdesac; Nezperce; Elk City; Gifford; White Bird;,,record,record,no
directories0588,Lewiston,phone book,1968,1968,Lewiston; Cottonwood; Ferdinand; Craigmont; Reubens; Winchester; Grangeville; Kamiah; Kooskia; Stites; Lapwai; Culdesac; Nezperce; Elk City; Gifford; White Bird;,,record,record,no
directories0589,Lewiston,Polk,1968,1968,Lewiston; Lenore; Genesee; Nezperce; Juliaetta; Lapwai; Culdesac; Spalding; Peck; Southwick; Gifford; Reubens; Kendrick; Lewiston Orchards,Nez Perce County,record,record,no
directories0590,Lewiston,phone book,1970,1970-1971,Lewiston; Cottonwood; Ferdinand; Craigmont; Reubens; Winchester; Grangeville; Kamiah; Kooskia; Stites; Lapwai; Culdesac; Nezperce; Elk City; Gifford; White Bird;,,record,record,no
directories0591,Lewiston,phone book,1971,1971-1972,Lewiston; Cottonwood; Ferdinand; Craigmont; Reubens; Winchester; Grangeville; Kamiah; Kooskia; Stites; Lapwai; Culdesac; Nezperce; Elk City; Gifford; White Bird;,,record,record,no
directories0592,Lewiston,Polk,1972,1972,Lewiston; Lewiston Orchards,,record,record,no
directories0593,Lewiston,phone book,1972,1972,Lewiston; Cottonwood; Ferdinand; Craigmont; Reubens; Winchester; Grangeville; Kamiah; Kooskia; Stites; Lapwai; Culdesac; Nezperce; Elk City; Gifford; White Bird;,,record,record,no
directories0594,Lewiston,phone book,1973,1973,Lewiston; Cottonwood; Ferdinand; Craigmont; Reubens; Winchester; Grangeville; Kamiah; Kooskia; Stites; Lapwai; Culdesac; Nezperce; Elk City; Gifford; White Bird;,,record,record,no
directories0595,Lewiston,Polk,1974,1974,Lewiston; Lewiston Orchards,,record,record,no
directories0596,Lewiston,phone book,1974,1974,Lewiston; Cottonwood; Ferdinand; Craigmont; Reubens; Winchester; Grangeville; Kamiah; Kooskia; Stites; Lapwai; Culdesac; Nezperce; Elk City; Gifford; White Bird;,,record,record,no
directories0597,Lewiston,phone book,1975,1975-1976,Lewiston; Cottonwood; Ferdinand; Craigmont; Reubens; Winchester; Grangeville; Kamiah; Kooskia; Stites; Lapwai; Culdesac; Nezperce; Elk City; Gifford; White Bird; Lenore,,record,record,no
directories0598,Lewiston,Polk,1976,1976,Lewiston; Lewiston Orchards,,record,record,no
directories0599,Lewiston,phone book,1976,1976-1977,Lewiston; Cottonwood; Ferdinand; Craigmont; Reubens; Winchester; Grangeville; Kamiah; Kooskia; Stites; Lapwai; Culdesac; Nezperce; Elk City; Gifford; White Bird; Lenore,,record,record,no
directories0600,Lewiston,Polk,1977,1977,Lewiston; Lewiston Orchards,,record,record,no
directories0601,Lewiston,phone book,1977,1977-1978,Lewiston; Cottonwood; Ferdinand; Craigmont; Reubens; Winchester; Grangeville; Kamiah; Kooskia; Stites; Lapwai; Culdesac; Nezperce; Elk City; Gifford; White Bird; Lenore,,record,record,no
directories0602,Lewiston,phone book,1978,1978-1979,Lewiston; Cottonwood; Ferdinand; Craigmont; Reubens; Winchester; Grangeville; Kamiah; Kooskia; Stites; Lapwai; Culdesac; Nezperce; Elk City; Gifford; Lenore,,record,record,no
directories0603,Lewiston,Polk,1979,1979,Lewiston; Lewiston Orchards,,record,record,no
directories0604,Lewiston,Polk,1980,1980,Lewiston; Lewiston Orchards,,record,record,no
directories0605,Lewiston,phone book,1981,1981-1982,Lewiston; Cottonwood; Ferdinand; Craigmont; Reubens; Winchester; Grangeville; Kamiah; Kooskia; Stites; Lapwai; Culdesac; Lenore; Nezperce,,record,record,no
directories0606,Lewiston,Polk,1982,1982,Lewiston; Lewiston Orchards,,record,record,no
directories0607,Lewiston,phone book,1982,1982,Lewiston; Cottonwood; Ferdinand; Craigmont; Reubens; Winchester; Grangeville; Kamiah; Kooskia; Stites; Lapwai; Culdesac; Lenore; Nezperce,,record,record,no
directories0608,Lewiston,phone book,1983,1983,Lewiston; Cottonwood; Ferdinand; Craigmont; Reubens; Winchester; Grangeville; Kamiah; Kooskia; Stites; Lapwai; Culdesac; Lenore; Nezperce,,record,record,no
directories0609,Lewiston,phone book,1984,1984,Lewiston; Cottonwood; Ferdinand; Craigmont; Reubens; Winchester; Grangeville; Kamiah; Kooskia; Stites; Lapwai; Culdesac; Lenore; Nezperce,,record,record,no
directories0610,Lewiston,phone book,1985,1985,Lewiston; Cottonwood; Ferdinand; Craigmont; Reubens; Winchester; Grangeville; Kamiah; Kooskia; Stites; Lapwai; Culdesac; Lenore; Nezperce,,record,record,no
directories0611,Lewiston,phone book,1986,1986,Lewiston; Cottonwood; Ferdinand; Craigmont; Reubens; Winchester; Grangeville; Kamiah; Kooskia; Stites; Lapwai; Culdesac; Lenore; Nezperce,,record,record,no
directories0612,Lewiston,phone book,1987,1987-1988,Lewiston; Cottonwood; Ferdinand; Craigmont; Reubens; Winchester; Grangeville; Kamiah; Kooskia; Stites; Lapwai; Culdesac; Lenore; Nezperce,,record,record,no
directories0613,Lewiston,phone book,1988,1988-1989,Lewiston; Cottonwood; Ferdinand; Craigmont; Reubens; Winchester; Grangeville; Kamiah; Kooskia; Stites; Lapwai; Culdesac; Lenore; Nezperce,,record,record,no
directories0614,Lewiston,phone book,1989,1989-1990,Lewiston; Cottonwood; Ferdinand; Craigmont; Reubens; Winchester; Grangeville; Kamiah; Kooskia; Stites; Lapwai; Culdesac; Lenore; Nezperce,,record,record,no
directories0615,Lewiston,phone book,1990,1990-1991,Lewiston; Cottonwood; Ferdinand; Craigmont; Reubens; Winchester; Grangeville; Kamiah; Kooskia; Stites; Lapwai; Culdesac; Lenore; Nezperce,,record,record,no
directories0616,Lewiston,phone book,1991,1991-1992,Lewiston; Cottonwood; Ferdinand; Craigmont; Reubens; Winchester; Grangeville; Kamiah; Kooskia; Stites; Lapwai; Culdesac; Lenore; Nezperce,,record,record,no
directories0617,Lewiston,phone book,1992,1992-1993,Lewiston; Cottonwood; Ferdinand; Craigmont; Reubens; Winchester; Grangeville; Kamiah; Kooskia; Stites; Lapwai; Culdesac; Lenore; Nezperce; Moscow; Orofino,,record,record,no
directories0618,Lewiston,phone book,1993,1993-1994,Lewiston; Cottonwood; Ferdinand; Craigmont; Reubens; Winchester; Grangeville; Kamiah; Kooskia; Stites; Lapwai; Culdesac; Lenore; Nezperce,,record,record,no
directories0619,Lewiston,phone book,1994,1994-1995,Lewiston; Cottonwood; Ferdinand; Craigmont; Reubens; Winchester; Genesee; Grangeville; Kamiah; Kooskia; Stites; Lapwai; Culdesac; Lenore; Moscow; Nezperce; Orofino,,record,record,no
directories0620,Lewiston,phone book,1995,1995-1996,Lewiston; Cottonwood; Ferdinand; Craigmont; Reubens; Winchester; Genesee; Grangeville; Kamiah; Kooskia; Stites; Lapwai; Culdesac; Lenore; Moscow; Nezperce; Orofino,,record,record,no
directories0621,Lewiston,phone book,1996,1996-1997,Lewiston; Cottonwood; Ferdinand; Craigmont; Reubens; Winchester; Genesee; Grangeville; Kamiah; Kooskia; Stites; Lapwai; Culdesac; Lenore; Moscow; Nezperce; Orofino,,record,record,no
directories0622,Lewiston,phone book,2001,2001,Lewiston; Ahsahka; Cavendish; Cottonwood; Craigmont; Culdesac; Dixie; Elk City; Fenn; Ferdinand; Genesee; Grangeville; Greencreek; Greer; Harpster; Juliaetta; Kamiah; Kendrick; Keuterville; Kooskia; Lapwai; Lenore; Leon; Lowell; Lucile; Nezperce; Orofino; Peck; Pierce; Pollock; Pomeroy; Powell; Riggins; Reubens; Southwick; Stites; Sweetwater; Weippe; Winchester; White Bird; Woodland,,record,record,no
directories0623,Lewiston,phone book,2004,2004-2005,Lewiston; Ahsahka; Cavendish; Cottonwood; Craigmont; Culdesac; Dixie; Elk City; Fenn; Ferdinand; Genesee; Grangeville; Greencreek; Greer; Harpster; Juliaetta; Kamiah; Kendrick; Keuterville; Kooskia; Lapwai; Lenore; Leon; Lowell; Lucile; Nezperce; Orofino; Peck; Pierce; Pollock; Pomeroy; Powell; Riggins; Reubens; Southwick; Stites; Sweetwater; Weippe; Winchester; White Bird; Woodland,,record,record,no
directories0624,Malad City,phone book,1958,1958,Malad City; Samaria,,record,record,no
directories0625,Malad City,phone book,1959,1959,Malad City; Samaria,,record,record,no
directories0626,Malad City,phone book,1960,1960,Malad City; Samaria; Pleasantview,,record,record,no
directories0627,Malad City,phone book,1961,1961,Malad City; Samaria; Pleasantview,,record,record,no
directories0628,Malad City,phone book,1962,1962,Malad City; Samaria; Pleasantview,,record,record,no
directories0629,Malad City,phone book,1966,1966,Malad City; Samaria; Pleasantview,,record,record,no
directories0630,Malad City,phone book,1968,1968,Malad City; Samaria; Pleasantview; Reynolds; Daniels; St. John; Cherry Creek; Elkhorn,,record,record,no
directories0631,Malad City,phone book,1970,1970,Malad City; Holbrook; Samaria; Pleasantview; Reynolds; Daniels; St. John; Cherry Creek; Elkhorn; Stone,,record,record,no
directories0632,Malad City,phone book,1972,1972,Malad City; Holbrook; Samaria; Pleasantview; Reynolds; Daniels; St. John; Cherry Creek; Elkhorn; Stone,,record,record,no
directories0633,Malad City,phone book,1974,1974,Malad City; Holbrook; Samaria; Pleasantview; Reynolds; Daniels; St. John; Cherry Creek; Elkhorn; Stone; Woodruff,,record,record,no
directories0634,Malad City,phone book,1975,1975,Malad City; Holbrook; Samaria; Pleasantview; Reynolds; Daniels; St. John; Cherry Creek; Elkhorn; Stone; Woodruff,,record,record,no
directories0635,Malad City,phone book,1977,1977,Malad City; Holbrook; Samaria; Pleasantview; Reynolds; Daniels; St. John; Cherry Creek; Elkhorn; Stone; Woodruff,,record,record,no
directories0636,Malad City,phone book,1978,1978,Malad City; Holbrook; Samaria; Pleasantview; Reynolds; Daniels; St. John; Cherry Creek; Elkhorn; Stone; Woodruff,,record,record,no
directories0637,Malad City,phone book,1980,1980,Malad City; Holbrook; Samaria; Pleasantview; Reynolds; Daniels; St. John; Cherry Creek; Elkhorn; Stone; Woodruff,,record,record,no
directories0638,Malad City,phone book,1981,1981,Malad City; Holbrook; Samaria; Pleasantview; Reynolds; Daniels; St. John; Cherry Creek; Elkhorn; Stone; Woodruff,,record,record,no
directories0639,Malad City,phone book,1983,1983,Malad City; Holbrook; Samaria; Pleasantview; Reynolds; Daniels; St. John; Cherry Creek; Elkhorn; Stone; Woodruff,,record,record,no
directories0640,Malad City,phone book,1984,1984,Malad City; Holbrook; Samaria; Pleasantview; Reynolds; Daniels; St. John; Cherry Creek; Elkhorn; Stone; Woodruff,,record,record,no
directories0641,Malad City,phone book,1985,1985,Malad City; Holbrook; Samaria; Pleasantview; Reynolds; Daniels; St. John; Cherry Creek; Elkhorn; Stone; Woodruff,,record,record,no
directories0642,Malad City,phone book,1986,1986-1987,Malad City; Holbrook; Samaria; Pleasantview; Reynolds; Daniels; St. John; Cherry Creek; Elkhorn; Stone; Woodruff,,record,record,no
directories0643,Malad City,phone book,1989,1989-1990,Malad City; Holbrook; Samaria; Pleasantview; Reynolds; Daniels; St. John; Cherry Creek; Elkhorn; Stone; Woodruff,,record,record,no
directories0644,Malad City,phone book,1990,1990-1991,Malad City; Holbrook; Samaria; Pleasantview; Reynolds; Daniels; St. John; Cherry Creek; Elkhorn; Stone; Woodruff,,record,record,no
directories0645,Malad City,phone book,1991,1991-1992,Malad City; Holbrook; Samaria; Pleasantview; Reynolds; Daniels; St. John; Cherry Creek; Elkhorn; Stone; Woodruff,,record,record,no
directories0646,Malad City,phone book,1992,1992-1993,Malad City; Holbrook; Samaria; Pleasantview; Reynolds; Daniels; St. John; Cherry Creek; Elkhorn; Stone; Woodruff,,record,record,no
directories0647,Malad City,phone book,1994,1994-1995,Malad City; Holbrook; Samaria; Pleasantview; Reynolds; Daniels; St. John; Cherry Creek; Elkhorn; Stone; Woodruff,,record,record,no
directories0648,Malad City,phone book,1995,1995-1996,Malad City; Holbrook; Samaria; Pleasantview; Reynolds; Daniels; St. John; Cherry Creek; Elkhorn; Stone; Woodruff,,record,record,no
directories0649,Malad City,phone book,1996,1996-1997,Malad City; Holbrook; Samaria; Pleasantview; Reynolds; Daniels; St. John; Cherry Creek; Elkhorn; Stone; Woodruff,,record,record,no
directories0650,Malad City,phone book,1997,1997-1998,Malad City; Holbrook; Samaria; Pleasantview; Reynolds; Daniels; St. John; Cherry Creek; Elkhorn; Stone; Woodruff,,record,record,no
directories0651,Malad City,phone book,1998,1998-1999,Malad City; Holbrook; Samaria; Pleasantview; Reynolds; Daniels; St. John; Cherry Creek; Elkhorn; Stone; Woodruff,,record,record,no
directories0652,Malad City,phone book,2000,2000-2001,Malad City; Holbrook; Samaria; Pleasantview; Reynolds; Daniels; St. John; Cherry Creek; Elkhorn; Stone; Woodruff,,record,record,no
directories0653,Malad City,phone book,2001,2001-2002,Malad City; Holbrook; Samaria; Pleasantview; Reynolds; Daniels; St. John; Cherry Creek; Elkhorn; Stone; Woodruff,,record,record,no
directories0654,McCall,phone book,1968,1968,McCall; Cascade; Donnelly; Elk City; Garden Valley; Horseshoe Bend; New Meadows; Ola; Riggins; Sweet; White Bird,,record,record,no
directories0655,McCall,phone book,1975,1975-1976,McCall; Cascade; Donnelly; Elk City; Garden Valley; Horseshoe Bend; New Meadows; Ola; Riggins; Sweet; White Bird; Montour; Pollock; Lucile; Little Salmon River;,,record,record,no
directories0656,McCall,phone book,1976,1976-1977,McCall; Cascade; Donnelly; Elk City; Garden Valley; Horseshoe Bend; New Meadows; Ola; Riggins; Sweet; White Bird; Montour; Pollock; Lucile; Little Salmon River;,,record,record,no
directories0657,McCall,phone book,1978,1978-1979,McCall; Cascade; Donnelly; Elk City; Garden Valley; Horseshoe Bend; New Meadows; Ola; Riggins; Sweet; White Bird; Montour; Pollock; Lucile; Little Salmon River;,,record,record,no
directories0658,McCall,phone book,1985,1985,McCall; Cascade; Donnelly; Elk City; Garden Valley; Horseshoe Bend; New Meadows; Ola; Riggins; Sweet; White Bird; Montour; Pollock; Lucile; Little Salmon River;,,record,record,no
directories0659,McCall,phone book,1988,1988-1989,McCall; Cascade; Donnelly; Elk City; Garden Valley; Horseshoe Bend; New Meadows; Ola; Riggins; Sweet; White Bird; Montour; Pollock; Lucile; Little Salmon River; Emmett,,record,record,no
directories0660,McCall,phone book,1990,1990-1991,McCall; Cascade; Donnelly; Elk City; Garden Valley; Horseshoe Bend; New Meadows; Ola; Riggins; Sweet; White Bird; Montour; Pollock; Lucile; Little Salmon River; Emmett,,record,record,no
directories0661,McCall,phone book,1991,1991-1992,McCall; Cascade; Donnelly; Elk City; Garden Valley; Horseshoe Bend; New Meadows; Ola; Riggins; Sweet; White Bird; Montour; Pollock; Lucile; Little Salmon River; Emmett,,record,record,no
directories0662,McCall,phone book,1996,1996-1997,McCall; Cascade; Donnelly; Elk City; Garden Valley; Horseshoe Bend; New Meadows; Ola; Riggins; Sweet; White Bird; Montour; Pollock; Lucile; Little Salmon River; Emmett,,record,record,no
directories0663,McCall,phone book,2004,2004-2005,McCall; Banks; Bear; Cascade; Council; Crouch; Cuprum; Dixie; Donnelly; Elk City; Garden Valley; Lake Fork; Lowman; Lucile; Meadows; New Meadows; Pinehurst; Pollock; Smiths Ferry; Riggins; Warm Lake; Warren; White Bird; Yellow Pine,,record,record,no
directories0664,Montpelier,phone book,1950,1950,Montpelier; Afton; Paris; Nounan; Georgetown; Bern; Geneva; Wardboro; Border; Dingle; Bennington; Ovid; Fairview; Grover; Auburn; Smoot; Bedford; St. Charles; Liberty; Lanark; Lakota; Sharon; Fish Haven; Bloomington,,record,record,no
directories0665,Montpelier,phone book,1953,1953,Montpelier; Paris; Nounan; Georgetown; Bern; Geneva; Wardboro; Border; Dingle; Bennington; Ovid; St. Charles; Liberty; Lanark; Lakota; Sharon; Fish Haven; Bloomington,,record,record,no
directories0666,Montpelier,phone book,1954,1954,Montpelier; Paris; Nounan; Georgetown; Bern; Geneva; Wardboro; Border; Dingle; Bennington; Ovid; St. Charles; Liberty; Lanark; Lakota; Sharon; Fish Haven; Bloomington,,record,record,no
directories0667,Montpelier,phone book,1956,1956,Montpelier; Paris; Nounan; Georgetown; Bern; Geneva; Wardboro; Border; Dingle; Bennington; Ovid; St. Charles; Liberty; Lanark; Lakota; Sharon; Fish Haven; Bloomington,,record,record,no
directories0668,Montpelier,phone book,1957,1957,Montpelier; Paris; Nounan; Georgetown; Bern; Geneva; Wardboro; Border; Dingle; Bennington; Ovid; St. Charles; Liberty; Lanark; Lakota; Sharon; Fish Haven; Bloomington,,record,record,no
directories0669,Montpelier,phone book,1960-02,1960-02,Montpelier; Paris; Nounan; Georgetown; Bern; Geneva; Wardboro; Border; Dingle; Bennington; Ovid; St. Charles; Liberty; Lanark; Lakota; Sharon; Fish Haven; Bloomington,,record,record,no
directories0670,Montpelier,phone book,1960-11,1960-11,Montpelier; Paris; Nounan; Georgetown; Bern; Geneva; Wardboro; Border; Dingle; Bennington; Ovid; St. Charles; Liberty; Lanark; Lakota; Sharon; Fish Haven; Bloomington,,record,record,no
directories0671,Montpelier,phone book,1962,1962,Montpelier; Paris; Nounan; Georgetown; Bern; Geneva; Wardboro; Border; Dingle; Bennington; Ovid; St. Charles; Liberty; Lanark; Lakota; Sharon; Fish Haven; Bloomington,,record,record,no
directories0672,Montpelier,phone book,1963,1963,Montpelier; Paris; Nounan; Georgetown; Bern; Geneva; Wardboro; Border; Dingle; Bennington; Ovid; St. Charles; Liberty; Lanark; Lakota; Sharon; Fish Haven; Bloomington,,record,record,no
directories0673,Montpelier,phone book,1965,1965,Montpelier; Paris; Nounan; Georgetown; Bern; Geneva; Wardboro; Border; Dingle; Bennington; Ovid; St. Charles; Liberty; Lanark; Lakota; Sharon; Fish Haven; Bloomington,,record,record,no
directories0674,Montpelier,phone book,1966,1966,Montpelier; Paris; Nounan; Georgetown; Bern; Geneva; Wardboro; Border; Dingle; Bennington; Ovid; St. Charles; Liberty; Lanark; Lakota; Sharon; Fish Haven; Bloomington,,record,record,no
directories0675,Montpelier,phone book,1967,1967,Montpelier; Paris; Nounan; Georgetown; Bern; Geneva; Wardboro; Border; Dingle; Bennington; Ovid; St. Charles; Liberty; Lanark; Lakota; Sharon; Fish Haven; Bloomington,,record,record,no
directories0676,Montpelier,phone book,1969,1969,Montpelier; Paris; Nounan; Georgetown; Bern; Geneva; Wardboro; Border; Dingle; Bennington; Ovid; St. Charles; Liberty; Lanark; Lakota; Sharon; Fish Haven; Bloomington,,record,record,no
directories0677,Montpelier,phone book,1970,1970,Montpelier; Paris; Nounan; Georgetown; Bern; Geneva; Wardboro; Border; Dingle; Bennington; Ovid; St. Charles; Liberty; Lanark; Lakota; Sharon; Fish Haven; Bloomington,,record,record,no
directories0678,Montpelier,phone book,1972,1972,Montpelier; Paris; Nounan; Georgetown; Bern; Geneva; Wardboro; Border; Dingle; Bennington; Ovid; St. Charles; Liberty; Lanark; Lakota; Sharon; Fish Haven; Bloomington,,record,record,no
directories0679,Mountain Home,phone book,1953,1953,Mountain Home; Glenn's Ferry; Bruneau; King Hill; Hammett; Indian Cove,,record,record,no
directories0680,Mountain Home,phone book,1956,1956,Mountain Home; Glenn's Ferry; Bruneau; King Hill; Hammett; Indian Cove,,record,record,no
directories0681,Mountain Home,phone book,1958,1958,Mountain Home; Mountain Home; Glenn's Ferry; Grand View; Bruneau; King Hill; Hammett; Indian Cove,,record,record,no
directories0682,Mountain Home,phone book,1959,1959,Mountain Home; Mountain Home; Glenn's Ferry; Grand View; Bruneau; King Hill; Hammett; Indian Cove,,record,record,no
directories0683,Mountain Home,phone book,1961-01,1961-01,Mountain Home; Mountain Home; Glenn's Ferry; Grand View; Bruneau; King Hill; Hammett; Indian Cove,,record,record,no
directories0684,Mountain Home,phone book,1961-12,1961-12,Mountain Home; Mountain Home; Glenn's Ferry; Grand View; Bruneau; King Hill; Hammett; Indian Cove,,record,record,no
directories0685,Mountain Home,phone book,1963,1963,Mountain Home; Mountain Home; Glenn's Ferry; Grand View; Bruneau; King Hill; Hammett; Indian Cove,,record,record,no
directories0686,Mountain Home,phone book,1965,1965,Mountain Home; Mountain Home; Glenn's Ferry; Grand View; Bruneau; King Hill; Hammett; Indian Cove,,record,record,no
directories0687,Mountain Home,phone book,1968,1968,Mountain Home; Mountain Home; Glenn's Ferry; Grand View; Bruneau; King Hill; Hammett; Indian Cove,,record,record,no
directories0688,Mountain Home,phone book,1969,1969,Mountain Home; Mountain Home; Glenn's Ferry; Grand View; Bruneau; King Hill; Hammett; Indian Cove; Oreana,,record,record,no
directories0689,Mountain Home,phone book,1970,1970,Mountain Home; Mountain Home; Glenn's Ferry; Grand View; Bruneau; King Hill; Hammett; Indian Cove; Oreana,,record,record,no
directories0690,Mountain Home,phone book,1972,1972,Mountain Home; Mountain Home; Glenn's Ferry; Grand View; Bruneau; King Hill; Hammett; Indian Cove; Oreana,,record,record,no
directories0691,Mountain Home,phone book,1973,1973,Mountain Home; Mountain Home; Glenn's Ferry; Grand View; Bruneau; King Hill; Hammett; Indian Cove; Oreana,,record,record,no
directories0692,Mountain Home,phone book,1974,1974,Mountain Home; Mountain Home; Glenn's Ferry; Grand View; Bruneau; King Hill; Hammett; Indian Cove; Oreana,,record,record,no
directories0693,Mountain Home,phone book,1975,1975,Mountain Home; Mountain Home; Glenn's Ferry; Grand View; Bruneau; King Hill; Hammett; Indian Cove; Oreana,,record,record,no
directories0694,Mountain Home,phone book,1977,1977,Mountain Home; Mountain Home; Glenn's Ferry; Grand View; Bruneau; King Hill; Hammett; Indian Cove; Oreana,,record,record,no
directories0695,Mountain Home,phone book,1978,1978,Mountain Home; Mountain Home; Glenn's Ferry; Grand View; Bruneau; King Hill; Hammett; Indian Cove; Oreana,,record,record,no
directories0696,Mountain Home,phone book,1979,1979,Mountain Home; Mountain Home; Glenn's Ferry; Grand View; Bruneau; King Hill; Hammett; Indian Cove; Oreana,,record,record,no
directories0697,Mountain Home,phone book,1981,1981,Mountain Home; Mountain Home; Glenn's Ferry; Grand View; Bruneau; King Hill; Hammett; Indian Cove; Oreana,,record,record,no
directories0698,Mountain Home,phone book,1982,1982,Mountain Home; Glenn's Ferry; Hammett; Indian Cove; King Hill,,record,record,no
directories0699,Mountain Home,phone book,1984,1984,Mountain Home; Mountain Home; Glenn's Ferry; Grand View; Bruneau; King Hill; Hammett; Indian Cove; Oreana,,record,record,no
directories0700,Mountain Home,phone book,1986,1986,Mountain Home; Glenns Ferry; Bruneau; Grand View; Pine; Featherville; Praire; Hammett; King Hill; Indian Cove; Oreana,,record,record,no
directories0701,Mountain Home,phone book,1987,1987-1988,Mountain Home; Glenns Ferry; Bruneau; Grand View; Pine; Featherville; Praire; Hammett; King Hill; Indian Cove; Oreana,,record,record,no
directories0702,Mountain Home,phone book,1988,1988-1989,Mountain Home; Glenns Ferry; Bruneau; Grand View; Pine; Featherville; Praire; Hammett; King Hill; Indian Cove; Oreana; Atlanta; Tipanuk,,record,record,no
directories0703,Mountain Home,phone book,1989,1989-1990,Mountain Home; Glenns Ferry; Bruneau; Grand View; Pine; Featherville; Praire; Hammett; King Hill; Indian Cove; Oreana; Atlanta; Tipanuk,,record,record,no
directories0704,Mountain Home,phone book,1990,1990-1991,Mountain Home; Glenns Ferry; Bruneau; Grand View; Pine; Featherville; Praire; Hammett; King Hill; Indian Cove; Oreana; Atlanta; Tipanuk,,record,record,no
directories0705,Mountain Home,phone book,1991,1991-1992,Mountain Home; Glenns Ferry; Bruneau; Grand View; Pine; Featherville; Praire; Hammett; King Hill; Indian Cove; Oreana; Atlanta; Tipanuk,,record,record,no
directories0706,Mountain Home,phone book,1992,1992-1993,Mountain Home; Glenns Ferry; Bruneau; Grand View; Pine; Featherville; Praire; Hammett; King Hill; Indian Cove; Oreana; Atlanta; Tipanuk,,record,record,no
directories0707,Mountain Home,phone book,1995,1995-1996,Mountain Home; Glenns Ferry; Bruneau; Grand View; Pine; Featherville; Praire; Hammett; King Hill; Indian Cove; Oreana; Atlanta; Tipanuk,,record,record,no
directories0708,Mountain Home,phone book,1996,1996-1997,Mountain Home; Glenns Ferry; Bruneau; Grand View; Pine; Featherville; Praire; Hammett; King Hill; Indian Cove; Oreana; Atlanta; Tipanuk,,record,record,no
directories0709,Mountain Home,phone book,1998,1998-1999,Mountain Home; Glenns Ferry; Bruneau; Grand View; Pine; Featherville; Praire; Hammett; King Hill; Indian Cove; Oreana; Atlanta; Tipanuk,,record,record,no
directories0710,Mountain Home,phone book,1999,1999-2000,Mountain Home; Glenns Ferry; Bruneau; Grand View; Pine; Featherville; Praire; Hammett; King Hill; Indian Cove; Oreana; Atlanta; Tipanuk,,record,record,no
directories0711,Mountain Home,phone book,2000,2000-2001,Mountain Home; Glenns Ferry; Bruneau; Grand View; Pine; Featherville; Praire; Hammett; King Hill; Indian Cove; Oreana; Atlanta; Tipanuk,,record,record,no
directories0712,Mountain Home,phone book,2002,2002-2003,Mountain Home; Glenns Ferry; Bruneau; Grand View; Pine; Featherville; Praire; Hammett; King Hill; Indian Cove; Oreana; Atlanta; Tipanuk,,record,record,no
directories0713,Mountain Home,phone book,2004,2004-2005,Mountain Home; Glenns Ferry; Bruneau; Grand View; Pine; Featherville; Praire; Hammett; King Hill; Indian Cove; Oreana; Atlanta; Tipanuk,,record,record,no
directories0714,Nampa,phone book,1952,1952-1953,Nampa; Kuna; Melba; Meridian; Star; Caldwell; Middleton,,record,record,no
directories0715,Nampa,phone book,1953,1953,Nampa; Kuna; Melba; Meridian; Star; Caldwell; Middleton,,record,record,no
directories0716,Nampa,phone book,1954,1954,Nampa; Kuna; Melba; Meridian; Star; Caldwell; Middleton,,record,record,no
directories0717,Nampa,Polk,1971,1971,Nampa; Parma; Bowmont; Greenleaf; Huston; Melba; Middleton; Notus; Roswell; Wilder,Canyon County,record,record,no
directories0718,Nampa,Polk,1972,1972,Nampa; Parma; Bowmont; Greenleaf; Huston; Melba; Middleton; Notus; Roswell; Wilder,Canyon County,record,record,no
directories0719,Nampa,Polk,1973,1973,Nampa; Parma; Bowmont; Greenleaf; Huston; Melba; Middleton; Notus; Roswell; Wilder,Canyon County,record,record,no
directories0720,Nampa,Polk,1974,1974,Nampa; Parma; Bowmont; Greenleaf; Huston; Melba; Middleton; Notus; Roswell; Wilder,Canyon County,record,record,no
directories0721,Nampa,Polk,1975,1975,Nampa; Parma; Bowmont; Greenleaf; Huston; Melba; Middleton; Notus; Roswell; Wilder,Canyon County,record,record,no
directories0722,Nampa,Polk,1981,1981,Nampa; Parma; Bowmont; Greenleaf; Huston; Melba; Middleton; Notus; Roswell; Wilder,Canyon County,record,record,no
directories0723,Nampa,phone book,1984,1984,Nampa; Emmett; Homedale; Kuna; Marsing; Melba; Meridian; Middleton; Nampa; Parma; Star; Wilder; Caldwell,,record,record,no
directories0724,Nampa,phone book,1985,1985,Nampa; Caldwell; Emmett; Homedale; Kuna; Marsing; Melba; Meridian; Middleton; Nampa; Parma; Star; Wilder,,record,record,no
directories0725,Nampa,Polk,1985,1985,Nampa; Parma; Greenleaf; Huston; Middleton; Notus,Canyon County,record,record,no
directories0726,Nampa,Polk,1986,1986-1987,Nampa; Parma; Greenleaf; Huston; Middleton; Notus,Canyon County,record,record,no
directories0727,Nampa,Polk,1988,1988,Nampa; Parma; Greenleaf; Huston; Middleton; Notus; Wilder,Canyon County,record,record,no
directories0728,Nampa,phone book,1988,1988-1989,Nampa; Caldwell; Emmett; Homedale; Kuna; Marsing; Melba; Meridian; Middleton; Nampa; Parma; Star; Sweet; Wilder,,record,record,no
directories0729,Nampa,phone book,1993,1993-1994,Nampa; Caldwell; Emmett; Homedale; Kuna; Marsing; Melba; Meridian; Middleton; Nampa; Parma; Star; Sweet; Wilder,,record,record,no
directories0730,Nampa,phone book,1994,1994-1995,Nampa; Caldwell; Emmett; Homedale; Kuna; Marsing; Melba; Meridian; Middleton; Nampa; Parma; Star; Sweet; Wilder,,record,record,no
directories0731,Nampa,phone book,1995,1995-1996,Nampa; Caldwell; Emmett; Homedale; Kuna; Marsing; Melba; Meridian; Middleton; Nampa; Parma; Star; Sweet; Wilder,,record,record,no
directories0732,Nampa,phone book,1997,1997-1998,Nampa; Caldwell; Emmett; Greenleaf; Homedale; Kuna; Marsing; Melba; Meridian; Middleton; Parma; South Mountain; Star; Sweet; Wilder,,record,record,no
directories0733,Nampa,phone book,1998,1998-1999,Nampa; Caldwell; Emmett; Greenleaf; Homedale; Kuna; Marsing; Melba; Meridian; Middleton; Parma; South Mountain; Star; Sweet; Wilder,,record,record,no
directories0734,Nampa,phone book,1999,1999-2000,Nampa; Caldwell; Emmett; Greenleaf; Homedale; Kuna; Marsing; Melba; Meridian; Middleton; Parma; South Mountain; Star; Sweet; Wilder,,record,record,no
directories0735,Nampa,phone book,2000,2000-2001,Nampa; Caldwell; Emmett; Greenleaf; Homedale; Kuna; Marsing; Melba; Meridian; Middleton; Parma; South Mountain; Star; Sweet; Wilder,,record,record,no
directories0736,Newport,phone book,2004,2004-2005,Newport; Bonners Ferry; Priest River; Sandpoint; Blanchard; Clark Fork; cocolalla; Colburn; Coolin; Dover; East Hope; Eastport; Elmira; Hope; Kootenai; Kootenai Bay; Laclede; Moyie Springs; Naples; Nordman; Oldtown; Ponderay; Porthill; Priest Lake; Priest River; Sagle; Samuels,,record,record,no
directories0737,Newport,phone book,1997,1997-1998,Newport; Blanchard; Coolin; Furport; Locke; Lost Creek; Oldtown; Priest Lake; Priest River,,record,record,no
directories0738,Newport,phone book,1998,1998-1999,Newport; Blanchard; Coolin; Furport; Locke; Lost Creek; Oldtown; Priest Lake; Priest River,,record,record,no
directories0739,Orofino,phone book,1947,1947,Orofino; Peck; Weippe; Ahsahka; Glenwood; Mohler; Greer; Pierce,,record,record,no
directories0740,Orofino,phone book,1948,1948,Orofino; Peck; Weippe; Ahsahka; Glenwood; Mohler; Greer; Pierce,,record,record,no
directories0741,Orofino,phone book,1949,1949,Orofino; Peck; Weippe; Ahsahka; Glenwood; Mohler; Greer; Pierce; Cavendish;,,record,record,no
directories0742,Orofino,phone book,1950,1950,Orofino; Peck; Weippe; Ahsahka; Glenwood; Mohler; Greer; Pierce; Cavendish; Southwick; Lenore,,record,record,no
directories0743,Orofino,phone book,1951,1951,Orofino; Peck; Weippe; Ahsahka; Glenwood; Mohler; Greer; Pierce; Cavendish; Southwick; Lenore,,record,record,no
directories0744,Orofino,phone book,1952,1952,Orofino; Peck; Weippe; Ahsahka; Glenwood; Mohler; Greer; Pierce; Cavendish; Southwick; Lenore,,record,record,no
directories0745,Orofino,phone book,1953,1953,Orofino; Peck; Weippe; Ahsahka; Glenwood; Mohler; Greer; Pierce; Cavendish; Southwick; Lenore,,record,record,no
directories0746,Orofino,phone book,1954,1954,Orofino; Peck; Weippe; Ahsahka; Glenwood; Mohler; Greer; Pierce; Cavendish; Southwick; Lenore,,record,record,no
directories0747,Orofino,phone book,1955,1955,Orofino; Peck; Weippe; Ahsahka; Glenwood; Mohler; Greer; Pierce; Cavendish; Southwick; Lenore,,record,record,no
directories0748,Orofino,phone book,1956,1956,Orofino; Peck; Weippe; Ahsahka; Glenwood; Mohler; Greer; Pierce; Cavendish; Southwick; Lenore,,record,record,no
directories0749,Orofino,phone book,1957,1957,Orofino; Peck; Weippe; Ahsahka; Glenwood; Mohler; Greer; Pierce; Cavendish; Southwick; Lenore,,record,record,no
directories0750,Orofino,phone book,1958,1958,Orofino; Peck; Weippe; Ahsahka; Glenwood; Mohler; Greer; Pierce; Cavendish; Southwick; Lenore,,record,record,no
directories0751,Orofino,phone book,1959,1959,Orofino; Peck; Weippe; Ahsahka; Glenwood; Mohler; Greer; Pierce; Cavendish; Southwick; Lenore; Headquarters,,record,record,no
directories0752,Orofino,phone book,1960,1960,Orofino; Peck; Weippe; Ahsahka; Glenwood; Mohler; Greer; Pierce; Cavendish; Headquarters,,record,record,no
directories0753,Orofino,phone book,1961,1961,Orofino; Peck; Weippe; Ahsahka; Glenwood; Mohler; Greer; Pierce; Cavendish; Headquarters,,record,record,no
directories0754,Orofino,phone book,1962,1962,Orofino; Peck; Weippe; Ahsahka; Glenwood; Mohler; Greer; Pierce; Cavendish; Headquarters,,record,record,no
directories0755,Orofino,phone book,1965,1965,Orofino; Peck; Weippe; Ahsahka; Glenwood; Mohler; Greer; Pierce; Cavendish; Headquarters,,record,record,no
directories0756,Orofino,phone book,1968,1968,Orofino; Peck; Weippe; Ahsahka; Glenwood; Mohler; Greer; Pierce; Cavendish; Headquarters,,record,record,no
directories0757,Orofino,phone book,1969,1969,Orofino; Peck; Weippe; Ahsahka; Glenwood; Mohler; Greer; Pierce; Cavendish; Headquarters,,record,record,no
directories0758,Orofino,phone book,1970,1970,Orofino; Peck; Weippe; Ahsahka; Glenwood; Mohler; Greer; Pierce; Cavendish; Headquarters; Konkolville,,record,record,no
directories0759,Orofino,phone book,1971,1971,Orofino; Ahsahka; Cavendish; Greer; Headquarters; Konkolville; Lenore; Peck; Pierce; Southwick; Teakean; Weippe,,record,record,no
directories0760,Orofino,phone book,1972,1972,Orofino; Ahsahka; Cavendish; Greer; Headquarters; Konkolville; Lenore; Peck; Pierce; Southwick; Teakean; Weippe,,record,record,no
directories0761,Orofino,phone book,1973,1973,Orofino; Ahsahka; Cavendish; Greer; Headquarters; Konkolville; Lenore; Peck; Pierce; Southwick; Teakean; Weippe,,record,record,no
directories0762,Orofino,phone book,1974,1974,Orofino; Ahsahka; Cavendish; Greer; Headquarters; Konkolville; Lenore; Peck; Pierce; Southwick; Teakean; Weippe,,record,record,no
directories0763,Orofino,phone book,1975,1975,Orofino; Ahsahka; Cavendish; Greer; Headquarters; Konkolville; Lenore; Peck; Pierce; Southwick; Teakean; Weippe,,record,record,no
directories0764,Orofino,phone book,1976,1976,Orofino; Ahsahka; Cavendish; Greer; Headquarters; Konkolville; Lenore; Peck; Pierce; Southwick; Teakean; Weippe,,record,record,no
directories0765,Orofino,phone book,1977,1977,Orofino; Ahsahka; Cavendish; Greer; Headquarters; Konkolville; Lenore; Peck; Pierce; Southwick; Teakean; Weippe,,record,record,no
directories0766,Orofino,phone book,1978,1978,Orofino; Ahsahka; Cavendish; Greer; Headquarters; Konkolville; Lenore; Peck; Pierce; Southwick; Teakean; Weippe,,record,record,no
directories0767,Orofino,phone book,1981,1981,Orofino; Ahsahka; Cavendish; Greer; Headquarters; Konkolville; Lenore; Peck; Pierce; Southwick; Teakean; Weippe,,record,record,no
directories0768,Orofino,phone book,1982,1982-1983,Orofino; Ahsahka; Cavendish; Greer; Headquarters; Konkolville; Lenore; Peck; Pierce; Southwick; Teakean; Weippe,,record,record,no
directories0769,Orofino,phone book,1983,1983-1984,Orofino; Ahsahka; Cavendish; Greer; Headquarters; Konkolville; Lenore; Peck; Pierce; Southwick; Teakean; Weippe,,record,record,no
directories0770,Orofino,phone book,1984,1984-1985,Orofino; Ahsahka; Cavendish; Greer; Headquarters; Konkolville; Lenore; Peck; Pierce; Southwick; Teakean; Weippe,,record,record,no
directories0771,Orofino,phone book,1985,1985-1986,Orofino; Ahsahka; Cavendish; Greer; Headquarters; Konkolville; Lenore; Peck; Pierce; Southwick; Teakean; Weippe,,record,record,no
directories0772,Orofino,phone book,1986,1986-1987,Orofino; Ahsahka; Cavendish; Greer; Headquarters; Konkolville; Lenore; Peck; Pierce; Southwick; Teakean; Weippe,,record,record,no
directories0773,Orofino,phone book,1987,1987-1988,Orofino; Ahsahka; Cavendish; Greer; Headquarters; Konkolville; Lenore; Peck; Pierce; Southwick; Teakean; Weippe,,record,record,no
directories0774,Orofino,phone book,1988,1988-1989,Orofino; Ahsahka; Cavendish; Greer; Headquarters; Konkolville; Lenore; Peck; Pierce; Southwick; Teakean; Weippe,,record,record,no
directories0775,Orofino,phone book,1989,1989-1990,Orofino; Ahsahka; Cavendish; Greer; Headquarters; Konkolville; Lenore; Peck; Pierce; Southwick; Teakean; Weippe,,record,record,no
directories0776,Orofino,phone book,1990,1990-1991,Orofino; Ahsahka; Cavendish; Greer; Headquarters; Konkolville; Lenore; Peck; Pierce; Southwick; Teakean; Weippe,,record,record,no
directories0777,Orofino,phone book,1991,1991-1992,Orofino; Ahsahka; Cavendish; Greer; Headquarters; Konkolville; Lenore; Peck; Pierce; Southwick; Teakean; Weippe,,record,record,no
directories0778,Orofino,phone book,1992,1992-1993,Orofino; Ahsahka; Cavendish; Greer; Headquarters; Konkolville; Lenore; Peck; Pierce; Southwick; Teakean; Weippe,,record,record,no
directories0779,Orofino,phone book,1993,1993-1994,Orofino; Ahsahka; Cavendish; Greer; Headquarters; Konkolville; Lenore; Peck; Pierce; Southwick; Teakean; Weippe,,record,record,no
directories0780,Orofino,phone book,1994,1994-1995,Orofino; Ahsahka; Cavendish; Greer; Headquarters; Konkolville; Lenore; Peck; Pierce; Southwick; Teakean; Weippe,,record,record,no
directories0781,Orofino,phone book,1995,1995-1996,Orofino; Ahsahka; Cavendish; Greer; Headquarters; Konkolville; Lenore; Peck; Pierce; Southwick; Teakean; Weippe,,record,record,no
directories0782,Orofino,phone book,1997,1997-1998,Orofino; Ahsahka; Cavendish; Greer; Headquarters; Konkolville; Lenore; Peck; Pierce; Southwick; Teakean; Weippe,,record,record,no
directories0783,Orofino,phone book,1998,1998-1999,Orofino; Ahsahka; Cavendish; Greer; Headquarters; Konkolville; Lenore; Peck; Pierce; Southwick; Teakean; Weippe,,record,record,no
directories0784,Orofino,phone book,1999,1999-2000,Orofino; Ahsahka; Cavendish; Greer; Headquarters; Konkolville; Lenore; Peck; Pierce; Southwick; Teakean; Weippe,,record,record,no
directories0785,Orofino,phone book,2001,2001,Orofino; Ahsahka; Cavendish; Greer; Headquarters; Konkolville; Lenore; Peck; Pierce; Southwick; Teakean; Weippe,,record,record,no
directories0786,Parma,phone book,1964,1964,Parma; Grove; Notus,,record,record,no
directories0787,Parma,phone book,1952,1952,Parma; Grove; Notus,,record,record,no
directories0788,Parma,phone book,1956,1956,Parma; Grove; Notus,,record,record,no
directories0789,Parma,phone book,1959,1959,Parma; Grove; Notus,,record,record,no
directories0790,Parma,phone book,1960,1960,Parma; Grove; Notus,,record,record,no
directories0791,Parma,phone book,1961,1961,Parma; Grove; Notus,,record,record,no
directories0792,Parma,phone book,1962,1962,Parma; Grove; Notus,,record,record,no
directories0793,Parma,phone book,1965,1965,Parma; Grove; Notus,,record,record,no
directories0794,Parma,phone book,1966,1966,Parma; Grove; Notus,,record,record,no
directories0795,Parma,phone book,1967,1967,Parma; Grove; Notus,,record,record,no
directories0796,Parma,phone book,1968,1968,Parma; Grove; Notus,,record,record,no
directories0797,Parma,phone book,1969,1969-1970,Parma; Notus,,record,record,no
directories0798,Parma,phone book,1970,1970-1971,Parma; Notus,,record,record,no
directories0799,Parma,phone book,1971,1971-1972,Parma; Notus,,record,record,no
directories0800,Parma,phone book,1972,1972-1973,Parma; Notus,,record,record,no
directories0801,Parma,phone book,1973,1973-1974,Parma; Notus,,record,record,no
directories0802,Parma,phone book,1974,1974-1975,Parma; Notus,,record,record,no
directories0803,Parma,phone book,1978,1978-1979,Parma; Apple Valley; Stockton,,record,record,no
directories0804,Parma,phone book,1981,1981-1982,Parma; Homedale; Marsing; South Mountain; Wilder,,record,record,no
directories0805,Parma,phone book,1985,1985,Parma; Homedale; Marsing; South Mountain; Wilder,,record,record,no
directories0806,Parma,phone book,1987,1987-1988,Parma; Homedale; Marsing; South Mountain; Wilder; Caldwell,,record,record,no
directories0807,Parma,phone book,1990,1990-1991,Parma; Homedale; Marsing; South Mountain; Wilder; Caldwell,,record,record,no
directories0808,Parma,phone book,1991,1991-1992,Parma; Homedale; Marsing; South Mountain; Wilder; Caldwell,,record,record,no
directories0809,Parma,phone book,1992,1992,Parma; Homedale; Marsing; South Mountain; Wilder; Caldwell,,record,record,no
directories0810,Payette,phone book,1943,1943,Payette; Weiser; Council; Fruitland; New Plymouth; Washoe Bench,,record,record,no
directories0811,Payette,Polk,1945,1945,Payette; Weiser,,record,record,no
directories0812,Payette,phone book,1949,1949,Payette; Weiser; Council; Fruitland; New Plymouth; Washoe Bench,,record,record,no
directories0813,Payette,phone book,1951,1951,Payette; Weiser; Council; Fruitland; New Plymouth; Washoe Bench,,record,record,no
directories0814,Payette,phone book,1952,1952,Payette; Weiser; Council; Fruitland; New Plymouth; Washoe Bench,,record,record,no
directories0815,Payette,phone book,1953,1953,Payette; Weiser; Council; Fruitland; New Plymouth; Washoe Bench,,record,record,no
directories0816,Payette,Polk,1955,1955,Payette; Weiser; Fruitland; New Plymouth;,,record,record,no
directories0817,Payette,phone book,1956,1956,Payette; Weiser; Council; Fruitland; New Plymouth; Washoe Bench,,record,record,no
directories0818,Payette,Polk,1957,1957,Payette; Weiser; Fruitland,,record,record,no
directories0819,Payette,phone book,1958,1958,Payette; Council; Fruitland; New Plymouth; Weiser; Washoe,,record,record,no
directories0820,Payette,phone book,1959,1959,Payette; Council; Fruitland; New Plymouth; Weiser; Washoe,,record,record,no
directories0821,Payette,phone book,1960,1960,Payette; Council; Fruitland; New Plymouth; Weiser; Washoe,,record,record,no
directories0822,Payette,phone book,1961,1961,Payette; Council; Fruitland; New Plymouth; Weiser; Washoe,,record,record,no
directories0823,Payette,phone book,1962,1962,Payette; Council; Fruitland; New Plymouth; Weiser; Washoe,,record,record,no
directories0824,Payette,phone book,1963,1963,Payette; Council; Fruitland; New Plymouth; Weiser; Washoe,,record,record,no
directories0825,Payette,phone book,1964,1964,Payette; Council; Fruitland; New Plymouth; Weiser; Washoe,,record,record,no
directories0826,Payette,phone book,1965,1965,Payette; Council; Fruitland; New Plymouth; Weiser; Washoe,,record,record,no
directories0827,Payette,phone book,1966,1966,Payette; Council; Fruitland; New Plymouth; Weiser; Washoe,,record,record,no
directories0828,Payette,phone book,1968,1968,Payette; Council; Fruitland; New Plymouth; Weiser; Washoe,,record,record,no
directories0829,Payette,phone book,1969,1969,Payette; Cambridge; Council; Fruitland; Indian Valley; Midvale; New Plymouth; Weiser; Washoe,,record,record,no
directories0830,Payette,phone book,1972,1972,Payette; Cambridge; Council; Fruitland; Indian Valley; Midvale; New Plymouth; Weiser; Washoe,,record,record,no
directories0831,Payette,phone book,1973,1973,Payette; Cambridge; Council; Fruitland; Indian Valley; Midvale; New Plymouth; Weiser; Washoe,,record,record,no
directories0832,Payette,phone book,1974,1974,Payette; Cambridge; Council; Fruitland; Indian Valley; Midvale; New Plymouth; Weiser; Washoe,,record,record,no
directories0833,Payette,phone book,1975,1975,Payette; Cambridge; Council; Fruitland; Indian Valley; Midvale; New Plymouth; Weiser; Washoe,,record,record,no
directories0834,Payette,phone book,1978,1978,Payette; Cambridge; Council; Fruitland; Indian Valley; Midvale; New Plymouth; Weiser; Washoe,,record,record,no
directories0835,Payette,phone book,1981,1981,Payette; Cambridge; Council; Fruitland; Indian Valley; Midvale; New Plymouth; Weiser; Washoe,,record,record,no
directories0836,Payette,phone book,1982,1982,Payette; Cambridge; Council; Fruitland; Indian Valley; Midvale; New Plymouth; Weiser; Washoe,,record,record,no
directories0837,Payette,phone book,1983,1983,Payette; Cambridge; Council; Fruitland; Indian Valley; Midvale; New Plymouth; Weiser; Washoe,,record,record,no
directories0838,Payette,phone book,1984,1984,Payette; Cambridge; Council; Fruitland; Indian Valley; Midvale; New Plymouth; Weiser; Washoe,,record,record,no
directories0839,Payette,phone book,1985,1985,Payette; Cambridge; Council; Cuprum; Fruitland; Indian Valley; Midvale; New Plymouth; Weiser; Washoe,,record,record,no
directories0840,Payette,phone book,1986,1986,Payette; Cambridge; Council; Cuprum; Fruitland; Indian Valley; Midvale; New Plymouth; Weiser; Washoe,,record,record,no
directories0841,Payette,phone book,1987,1987-1988,Payette; Cambridge; Council; Cuprum; Fruitland; Indian Valley; Midvale; New Plymouth; Weiser; Washoe,,record,record,no
directories0842,Payette,phone book,1988,1988-1989,Payette; Cambridge; Council; Cuprum; Fruitland; Indian Valley; Midvale; New Plymouth; Weiser; Washoe,,record,record,no
directories0843,Payette,phone book,1989,1989-1990,Payette; Cambridge; Council; Cuprum; Fruitland; Indian Valley; Midvale; New Plymouth; Weiser; Washoe,,record,record,no
directories0844,Payette,phone book,1990,1990-1991,Payette; Cambridge; Council; Cuprum; Fruitland; Indian Valley; Midvale; New Plymouth; Weiser; Washoe,,record,record,no
directories0845,Payette,phone book,1991,1991-1992,Payette; Cambridge; Council; Cuprum; Fruitland; Indian Valley; Midvale; New Plymouth; Weiser; Washoe,,record,record,no
directories0846,Payette,phone book,1992,1992-1993,Payette; Cambridge; Council; Cuprum; Fruitland; Indian Valley; Midvale; New Plymouth; Weiser; Washoe,,record,record,no
directories0847,Payette,phone book,1993,1993-1994,Payette; Cambridge; Council; Cuprum; Fruitland; Indian Valley; Midvale; New Plymouth; Weiser; Washoe,,record,record,no
directories0848,Payette,phone book,1994,1994-1995,Payette; Cambridge; Cascade; Council; Cuprum; Donnelly; Fruitland; Indian Valley; McCall; Midvale; New Meadows; New Plymouth; Nu Acres; Riggins; Weiser,,record,record,no
directories0849,Payette,phone book,1998,1998-1999,Payette; Cascade; Council; Cuprum; Donnelly; Fruitland; Indian Valley; McCall; Midvale; New Meadows; New Plymouth; Nu Acres; Warren,,record,record,no
directories0850,Payette,phone book,1999,1999-2000,Payette; Cascade; Council; Cuprum; Donnelly; Fruitland; Indian Valley; McCall; Midvale; New Meadows; New Plymouth; Nu Acres; Warren,,record,record,no
directories0851,Payette,phone book,2000,2000-2001,Payette; Cascade; Council; Cuprum; Donnelly; Fruitland; Indian Valley; McCall; Midvale; New Meadows; New Plymouth; Nu Acres; Warren,,record,record,no
directories0852,Payette,phone book,2001,2001-2002,Payette; Cambridge; Cascade; Council; Cuprum; Donnelly; Fruitland; Indian Valley; McCall; Midvale; New Meadows; New Plymouth; Nu Acres; Warm Lake; Yellow Pine,,record,record,no
directories0853,Payette,phone book,2002,2002-2003,Payette; Cambridge; Cascade; Council; Cuprum; Donnelly; Fruitland; Indian Valley; McCall; Midvale; New Meadows; New Plymouth; Nu Acres; Warm Lake; Yellow Pine,,record,record,no
directories0854,Payette,phone book,2004,2004-2005,Payette; Cambridge; Cascade; Council; Cuprum; Donnelly; Fruitland; Indian Valley; McCall; Midvale; New Meadows; New Plymouth; Nu Acres; Warm Lake; Yellow Pine,,record,record,no
directories0855,Pocatello,Polk,1942,1942,Pocatello; Arimo; Bancroft; Central; Chesterfield; Cleveland; Downey; Grace; Inkom; Lago; Lund; Lava Hot Springs; McCammon; Oxford; Robin; Swanlake; Thatcher; Virginia,Bannock County,record,record,no
directories0856,Pocatello,phone book,1951,1951,Pocatello; American Falls; Aberdeen; Rockland,,record,record,no
directories0857,Pocatello,phone book,1952,1952-1953,Pocatello;,,record,record,no
directories0858,Pocatello,Polk,1953,1953,Pocatello; Arimo; Central; Cleveland; Downey; Inkom; Lava Hot Springs; McCammon; Oxford; Robin; Swanlake; Virginia; Alameda,Bannock County,record,record,no
directories0859,Pocatello,phone book,1954,1954,Pocatello;,,record,record,no
directories0860,Pocatello,phone book,1955,1955,Pocatello;,,record,record,no
directories0861,Pocatello,phone book,1956,1956,Pocatello;,,record,record,no
directories0862,Pocatello,Polk,1956,1956,Pocatello; Arimo; Central; Cleveland; Downey; Inkom; Lava Hot Springs; McCammon; Oxford; Robin; Swanlake; Virginia; Alameda,Bannock County,record,record,no
directories0863,Pocatello,phone book,1957,1957,Pocatello;,,record,record,no
directories0864,Pocatello,Polk,1957,1957,Pocatello; Arimo; Central; Cleveland; Downey; Inkom; Lava Hot Springs; McCammon; Oxford; Robin; Swanlake; Virginia; Alameda,Bannock County,record,record,no
directories0865,Pocatello,phone book,1958,1958,Pocatello;,,record,record,no
directories0866,Pocatello,phone book,1958,1958-1959,Pocatello;,,record,record,no
directories0867,Pocatello,phone book,1959,1959,Pocatello;,,record,record,no
directories0868,Pocatello,Polk,1960,1960,Pocatello; Arimo; Central; Cleveland; Downey; Inkom; Lava Hot Springs; McCammon; Oxford; Robin; Swanlake; Virginia; Alameda,Bannock County,record,record,no
directories0869,Pocatello,Polk,1961,1961,Pocatello; Arimo; Central; Cleveland; Downey; Inkom; Lava Hot Springs; McCammon; Oxford; Robin; Swanlake; Virginia; Alameda,Bannock County,record,record,no
directories0870,Pocatello,phone book,1961,1961,Pocatello; Alameda; Chubbuck,,record,record,no
directories0871,Pocatello,Polk,1962,1962,Pocatello; Arimo; Central; Cleveland; Downey; Inkom; Lava Hot Springs McCammon; Oxford; Robin; Swanlake; Virginia; Alameda; American Falls,Bannock County,record,record,no
directories0872,Pocatello,phone book,1962,1962,Pocatello; Alameda; Chubbuck; Inkom,,record,record,no
directories0873,Pocatello,Polk,1963,1963,Pocatello; Chubbuck; Arimo; Central; Cleveland; Downey; Inkom; Lava Hot Springs; McCammon; Oxford; Robin; Swanlake; Virginia,Bannock County,record,record,no
directories0874,Pocatello,Polk,1964,1964,Pocatello; Arimo; Central; Cleveland; Downey; Inkom; Lava Hot Springs; McCammon; Oxford; Robin; Swanlake; Virginia; American Falls; Chubbuck,Bannock County,record,record,no
directories0875,Pocatello,phone book,1965,1965,Pocatello; Chubbuck; Inkom,,record,record,no
directories0876,Pocatello,Polk,1965,1965,Pocatello; Arimo; Central; Cleveland; Downey; Inkom; Lava Hot Springs; McCammon; Oxford; Robin; Swanlake; Virginia; American Falls; Chubbuck,Bannock County,record,record,no
directories0877,Pocatello,Polk,1966,1966,Pocatello; Arimo; Central; Cleveland; Downey; Inkom; Lava Hot Springs; McCammon; Oxford; Robin; Swanlake; Virginia; American Falls; Chubbuck,Bannock County,record,record,no
directories0878,Pocatello,phone book,1967,1967,Pocatello; Arbon; Chubbuck; Inkom,,record,record,no
directories0879,Pocatello,Polk,1968,1968,Pocatello; Arimo; Downey; Inkom; Lava Hot Springs; McCammon; Robin; Swanlake; Virginia; American Falls; Chubbuck,Bannock County,record,record,no
directories0880,Pocatello,phone book,1968,1968,Pocatello; Arbon; Chubbuck; Inkom,,record,record,no
directories0881,Pocatello,phone book,1969,1969,Pocatello; Arbon; Chubbuck; Inkom,,record,record,no
directories0882,Pocatello,phone book,1970,1970,Pocatello; Arbon; Chubbuck; Inkom,,record,record,no
directories0883,Pocatello,Polk,1971,1971,Pocatello; American Falls; Chubbuck; Arimo; Central; Cleveland; Downey; Inkom; Lava Hot Springs; McCammon; Robin; Swanlake; Virginia,Bannock County,record,record,no
directories0884,Pocatello,phone book,1971,1971,Pocatello; American Falls; Arbon; Chubbuck; Downey; Inkom; Lava Hot Springs; McCammon; Rockland,,record,record,no
directories0885,Pocatello,Polk,1972,1972,Pocatello; American Falls; Chubbuck; Arimo; Central; Cleveland; Downey; Inkom; Lava Hot Springs; McCammon; Robin; Swanlake; Virginia,Bannock County,record,record,no
directories0886,Pocatello,phone book,1972,1972,Pocatello; American Falls; Arbon; Chubbuck; Downey; Inkom; Lava Hot Springs; McCammon; Rockland,,record,record,no
directories0887,Pocatello,phone book,1974,1974,Pocatello; American Falls; Arbon; Chubbuck; Downey; Inkom; Lava Hot Springs; McCammon; Rockland,,record,record,no
directories0888,Pocatello,phone book,1975,1975,Pocatello; American Falls; Arbon; Chubbuck; Downey; Inkom; Lava Hot Springs; McCammon; Rockland,,record,record,no
directories0889,Pocatello,phone book,1976,1976,Pocatello; American Falls; Arbon; Chubbuck; Downey; Inkom; Lava Hot Springs; McCammon; Rockland,,record,record,no
directories0890,Pocatello,phone book,1977,1977,Pocatello; American Falls; Arbon; Chubbuck; Downey; Inkom; Lava Hot Springs; McCammon; Rockland,,record,record,no
directories0891,Pocatello,Polk,1977,1977,Pocatello; American Falls; Chubbuck; Swanlake; Lava Hot Springs; Inkom; McCammon; Downey; Arimo; Virginia; Robin,Bannock County,record,record,no
directories0892,Pocatello,phone book,1978,1978,Pocatello; American Falls; Arbon; Chubbuck; Downey; Inkom; Lava Hot Springs; McCammon; Rockland,,record,record,no
directories0893,Pocatello,Polk,1981,1981,Pocatello; American Falls; Chubbuck; Swanlake; Lava Hot Springs; Inkom; McCammon; Downey; Arimo; Virginia; Robin,Bannock County,record,record,no
directories0894,Pocatello,phone book,1981,1981,Pocatello; American Falls; Arbon; Chubbuck; Downey; Inkom; Lava Hot Springs; McCammon; Rockland,,record,record,no
directories0895,Pocatello,Polk,1982,1982,Pocatello; American Falls; Chubbuck; Arimo; Downey; Inkom; Lava Hot Springs; McCammon; Swanlake; Fort Hall,Bannock County,record,record,no
directories0896,Pocatello,phone book,1982,1982,Pocatello; American Falls; Arbon; Chubbuck; Downey; Inkom; Lava Hot Springs; McCammon; Rockland,,record,record,no
directories0897,Pocatello,Polk,1983,1983,Pocatello; American Falls; Chubbuck; Arimo; Downey; Inkom; Lava Hot Springs; McCammon; Swanlake; Fort Hall,Bannock County,record,record,no
directories0898,Pocatello,phone book,1983,1983,Pocatello; American Falls; Arbon; Chubbuck; Downey; Inkom; Lava Hot Springs; McCammon; Rockland,,record,record,no
directories0899,Pocatello,phone book,1984,1984,Pocatello; American Falls; Arbon; Chubbuck; Downey; Inkom; Lava Hot Springs; McCammon; Rockland,,record,record,no
directories0900,Pocatello,phone book,1985,1985,Pocatello; American Falls; Arbon; Chubbuck; Downey; Inkom; Lava Hot Springs; McCammon; Rockland,,record,record,no
directories0901,Pocatello,phone book,1986,1986,Pocatello; American Falls; Arbon; Chubbuck; Downey; Inkom; Lava Hot Springs; McCammon; Rockland,,record,record,no
directories0902,Pocatello,phone book,1987,1987-1988,Pocatello; American Falls; Arbon; Chubbuck; Downey; Inkom; Lava Hot Springs; McCammon; Rockland,,record,record,no
directories0903,Pocatello,phone book,1988,1988-1989,Pocatello; American Falls; Arbon; Chubbuck; Downey; Inkom; Lava Hot Springs; McCammon; Rockland,,record,record,no
directories0904,Pocatello,phone book,1989,1989-1990,Pocatello; American Falls; Arbon; Chubbuck; Downey; Inkom; Lava Hot Springs; McCammon; Rockland,,record,record,no
directories0905,Pocatello,phone book,1990,1990-1991,Pocatello; American Falls; Arbon; Chubbuck; Downey; Inkom; Lava Hot Springs; McCammon; Rockland,,record,record,no
directories0906,Pocatello,phone book,1991,1991-1992,Pocatello; American Falls; Arbon; Chubbuck; Downey; Inkom; Lava Hot Springs; McCammon; Rockland,,record,record,no
directories0907,Pocatello,phone book,1992,1992-1993,Pocatello; American Falls; Arbon; Chubbuck; Downey; Inkom; Lava Hot Springs; McCammon; Rockland,,record,record,no
directories0908,Pocatello,phone book,1993,1993-1994,Pocatello; American Falls; Arbon; Chubbuck; Downey; Inkom; Lava Hot Springs; McCammon; Rockland,,record,record,no
directories0909,Pocatello,phone book,1994,1994-1995,Pocatello; American Falls; Arbon; Chubbuck; Downey; Inkom; Lava Hot Springs; McCammon; Rockland,,record,record,no
directories0910,Pocatello,phone book,1995,1995-1996,Pocatello; American Falls; Arbon; Chubbuck; Downey; Inkom; Lava Hot Springs; McCammon; Rockland,,record,record,no
directories0911,Pocatello,phone book,1997,1997-1998,Pocatello; Aberdeen; American Falls; Arbon; Arimo; Chubbuck; Downey; Fort Hall; Inkom; Lava Hot Springs; McCammon; Mink Creek; Rockland; Swanlake; Virginia,,record,record,no
directories0912,Pocatello,phone book,1999,1999-2000,Pocatello; Aberdeen; American Falls; Arbon; Arimo; Chubbuck; Downey; Fort Hall; Inkom; Lava Hot Springs; McCammon; Mink Creek; Rockland; Swanlake; Virginia,,record,record,no
directories0913,Pocatello,phone book,2000,2000-2001,Pocatello; Aberdeen; American Falls; Arbon; Arimo; Chubbuck; Downey; Fort Hall; Inkom; Lava Hot Springs; McCammon; Mink Creek; Rockland; Swanlake; Virginia,,record,record,no
directories0914,Pocatello,phone book,2001,2001-2002,Pocatello; Aberdeen; American Falls; Arbon; Arimo; Chubbuck; Downey; Fort Hall; Inkom; Lava Hot Springs; McCammon; Mink Creek; Rockland; Swanlake; Virginia,,record,record,no
directories0915,Preston,phone book,1949,1949,Preston; Cleveland; Mink Creek; Dayton; Franklin; Weston; Fairview; Whitney; Treasureton; Riverdale; Banida; Linrose; Oxford; Clifton; Thatcher,,record,record,no
directories0916,Preston,phone book,1953,1953,Preston; Thatcher; Weston; Franklin; Whitney; Oxford; Dayton; Mink Creek; Clifton; Treasureton; Riverdale; Banida; Fairview; Linrose; Cleveland; Cub River,,record,record,no
directories0917,Preston,phone book,1954,1954,Preston; Thatcher; Weston; Franklin; Whitney; Oxford; Dayton; Mink Creek; Clifton; Treasureton; Riverdale; Banida; Fairview; Linrose; Cleveland; Cub River,,record,record,no
directories0918,Preston,phone book,1958,1958,Preston; Thatcher; Weston; Franklin; Whitney; Oxford; Dayton; Mink Creek; Clifton; Treasureton; Riverdale; Banida; Fairview; Linrose; Cleveland; Cub River,,record,record,no
directories0919,Preston,phone book,1960,1960,Preston; Thatcher; Weston; Franklin; Whitney; Oxford; Dayton; Mink Creek; Clifton; Treasureton; Riverdale; Banida; Fairview; Linrose; Cleveland; Cub River,,record,record,no
directories0920,Preston,phone book,1961,1961,Preston; Thatcher; Weston; Franklin; Whitney; Oxford; Dayton; Mink Creek; Clifton; Treasureton; Riverdale; Banida; Fairview; Linrose; Cleveland; Cub River,,record,record,no
directories0921,Preston,phone book,1962,1962,Preston; Weston; Franklin; Whitney; Oxford; Dayton; Mink Creek; Clifton; Treasureton; Riverdale; Banida; Fairview; Linrose; Cub River,,record,record,no
directories0922,Preston,phone book,1964,1964,Preston; Weston; Franklin; Whitney; Oxford; Dayton; Mink Creek; Clifton; Treasureton; Riverdale; Banida; Fairview; Linrose; Cub River,,record,record,no
directories0923,Preston,phone book,1965,1965,Preston; Weston; Franklin; Whitney; Oxford; Dayton; Mink Creek; Clifton; Treasureton; Riverdale; Banida; Fairview; Linrose; Cub River,,record,record,no
directories0924,Preston,phone book,1967,1967,Preston; Weston; Franklin; Whitney; Oxford; Dayton; Mink Creek; Clifton; Treasureton; Riverdale; Banida; Fairview; Linrose; Cub River,,record,record,no
directories0925,Preston,phone book,1968,1968,Preston; Weston; Franklin; Whitney; Oxford; Dayton; Mink Creek; Clifton; Treasureton; Riverdale; Banida; Fairview; Linrose; Cub River,,record,record,no
directories0926,Preston,phone book,1969,1969,Preston; Weston; Franklin; Whitney; Oxford; Dayton; Mink Creek; Clifton; Treasureton; Riverdale; Banida; Fairview; Linrose; Cub River,,record,record,no
directories0927,Preston,phone book,1971,1971,Preston; Weston; Franklin; Whitney; Oxford; Dayton; Mink Creek; Clifton; Treasureton; Riverdale; Banida; Fairview; Linrose; Cub River,,record,record,no
directories0928,Preston,phone book,1972,1972,Preston; Weston; Franklin; Whitney; Oxford; Dayton; Mink Creek; Clifton; Treasureton; Riverdale; Banida; Fairview; Linrose; Cub River,,record,record,no
directories0929,Preston,phone book,1975,1975,Preston; Weston; Franklin; Whitney; Oxford; Dayton; Mink Creek; Clifton; Treasureton; Riverdale; Banida; Fairview; Linrose; Cub River; Winder,,record,record,no
directories0930,Preston,phone book,1976,1976,Preston; Weston; Franklin; Whitney; Oxford; Dayton; Mink Creek; Clifton; Treasureton; Riverdale; Banida; Fairview; Linrose; Cub River; Winder,,record,record,no
directories0931,Preston,phone book,1977,1977,Preston; Weston; Franklin; Whitney; Oxford; Dayton; Mink Creek; Clifton; Treasureton; Riverdale; Banida; Fairview; Linrose; Cub River; Winder,,record,record,no
directories0932,Preston,phone book,1978,1978,Preston; Weston; Franklin; Whitney; Oxford; Dayton; Mink Creek; Clifton; Treasureton; Riverdale; Banida; Fairview; Linrose; Cub River; Winder,,record,record,no
directories0933,Rexburg,phone book,1951,1951,Rexburg; Ashton; St. Anthony; Independence; Thornton; Sugar City; Sunny Dell; Salem; Plano; Lyman; Winder; Archer; Hibbard; College Heights; Edmunds; Burton; Squirrel; Marysville; Porcupine; Drummond; Grainville; Lamont; Teton; Newdale; Parker; Chester,,record,record,no
directories0934,Rexburg,phone book,1952,1952,Rexburg; Ashton; St. Anthony; Independence; Thornton; Sugar City; Sunny Dell; Salem; Plano; Lyman; Winder; Archer; Hibbard; College Heights; Edmunds; Burton; Squirrel; Marysville; Porcupine; Drummond; Grainville; Lamont; Teton; Newdale; Parker; Chester,,record,record,no
directories0935,Rexburg,phone book,1953,1953,Rexburg; Ashton; St. Anthony; Independence; Thornton; Sugar City; Sunny Dell; Salem; Plano; Lyman; Winder; Archer; Hibbard; College Heights; Edmunds; Burton; Squirrel; Marysville; Porcupine; Drummond; Grainville; Lamont; Teton; Newdale; Parker; Chester,,record,record,no
directories0936,Rexburg,phone book,1956,1956,Rexburg; Ashton; St. Anthony; Independence; Thornton; Sugar City; Sunny Dell; Salem; Plano; Lyman; Winder; Archer; Hibbard; College Heights; Edmunds; Burton; Squirrel; Marysville; Porcupine; Drummond; Grainville; Lamont; Teton; Newdale; Parker; Chester; Driggs; Victor; Tetonia,,record,record,no
directories0937,Rexburg,phone book,1956,1956-1957,Rexburg; Ashton; St. Anthony; Independence; Thornton; Sugar City; Sunny Dell; Salem; Plano; Lyman; Winder; Archer; Hibbard; College Heights; Edmunds; Burton; Squirrel; Marysville; Porcupine; Drummond; Grainville; Lamont; Teton; Newdale; Parker; Chester; Driggs; Victor; Tetonia,,record,record,no
directories0938,Rupert,phone book,1956,1956,Rupert; Paul; Acequia; Minidoka; Burley; Oakley; Albion; Malta; Elba; Almo; Declo; Heyburn; Bridge; Sublett,,record,record,no
directories0939,Rupert,phone book,1957,1957,Rupert; Paul; Acequia; Minidoka; Burley; Oakley; Albion; Malta; Elba; Almo; Declo; Heyburn; Bridge; Sublett,,record,record,no
directories0940,Rupert,phone book,1958,1958,Rupert; Paul; Acequia; Minidoka; Burley; Oakley; Albion; Malta; Elba; Almo; Declo; Heyburn; Bridge; Sublett,,record,record,no
directories0941,Rupert,Polk,1959,1959,Rupert; Paul; Heyburn; Acequia; Albion; Declo; Hazelton; Burley; Filer,Minidoka County,record,record,no
directories0942,Rupert,phone book,1965,1965,Rupert; Minidoka; Paul; Norland; Albion; Almo; Burley; Declo; Elba; Oakley; Malta; Heyburn; Declo,,record,record,no
directories0943,Rupert,phone book,1968,1968,Rupert; Minidoka; Paul; Norland; Albion; Almo; Burley; Declo; Elba; Oakley; Malta; Heyburn; Declo,,record,record,no
directories0944,Rupert,phone book,1969,1969,Rupert; Minidoka; Paul; Norland; Albion; Almo; Burley; Declo; Elba; Oakley; Malta; Heyburn; Declo,,record,record,no
directories0945,Rupert,phone book,1970,1970,Rupert; Minidoka; Paul; Norland; Albion; Almo; Burley; Declo; Elba; Oakley; Malta; Heyburn; Declo,,record,record,no
directories0946,Rupert,phone book,1971,1971,Rupert; Minidoka; Paul; Norland; Albion; Almo; Burley; Declo; Elba; Oakley; Malta; Heyburn; Declo,,record,record,no
directories0947,Rupert,Polk,1971,1971,Rupert; Paul; Heyburn; Acequia; Albion; Declo; Hazelton; Burley; Filer,Minidoka County,record,record,no
directories0948,Rupert,phone book,1972,1972,Rupert; Minidoka; Paul; Norland; Albion; Almo; Burley; Declo; Elba; Oakley; Malta; Heyburn; Declo,,record,record,no
directories0949,Rupert,Polk,1972,1972,Rupert; Paul; Heyburn; Acequia; Albion; Declo; Hazelton; Burley; Filer,Minidoka County,record,record,no
directories0950,Rupert,phone book,1973,1973,Rupert; Minidoka; Paul; Norland; Albion; Almo; Burley; Declo; Elba; Oakley; Malta; Heyburn; Declo,,record,record,no
directories0951,Rupert,Polk,1974,1974,Rupert; Paul; Heyburn; Acequia; Albion; Declo; Hazelton; Burley; Filer,Minidoka County,record,record,no
directories0952,Rupert,phone book,1976,1976,Rupert; Minidoka; Paul; Norland; Albion; Almo; Burley; Declo; Elba; Oakley; Malta; Heyburn; Declo,,record,record,no
directories0953,Rupert,Polk,1979,1979,Rupert; Paul; Heyburn; Acequia; Albion; Declo; Hazelton; Burley; Filer,Minidoka County,record,record,no
directories0954,Rupert,phone book,1981,1981,Rupert; Minidoka; Paul; Norland; Albion; Almo; Burley; Declo; Elba; Oakley; Malta; Heyburn; Declo,,record,record,no
directories0955,Rupert,phone book,1982,1982,Rupert; Minidoka; Paul; Norland; Albion; Almo; Burley; Declo; Elba; Oakley; Malta; Heyburn; Declo,,record,record,no
directories0956,Salmon,phone book,1954,1954,Salmon; Cobalt; Leadore; Armstead;,,record,record,no
directories0957,Salmon,phone book,1956,1956,Salmon; Cobalt; Leadore; Armstead;,,record,record,no
directories0958,Salmon,phone book,1959,1959,Salmon; Cobalt; Leadore; Armstead;,,record,record,no
directories0959,Salmon,phone book,1960,1960,Salmon; Cobalt; Leadore; Armstead;,,record,record,no
directories0960,Salmon,phone book,1961,1961,Salmon; Cobalt; Leadore; Armstead;,,record,record,no
directories0961,Salmon,phone book,1964,1964,Salmon; Cobalt; Leadore,,record,record,no
directories0962,Salmon,phone book,1965,1965,Salmon; Cobalt; Leadore,,record,record,no
directories0963,Salmon,phone book,1966,1966,Salmon; Cobalt; Leadore,,record,record,no
directories0964,Salmon,phone book,1967,1967,Salmon; Cobalt; Leadore,,record,record,no
directories0965,Salmon,phone book,1971,1971,Salmon; Cobalt; Leadore; North Fork,,record,record,no
directories0966,Salmon,phone book,1972,1972,Salmon; Cobalt; Leadore; North Fork,,record,record,no
directories0967,Salmon,phone book,1974,1974,Salmon; Cobalt; Leadore; North Fork,,record,record,no
directories0968,Salmon,phone book,1975,1975,Salmon; Cobalt; Leadore; North Fork,,record,record,no
directories0969,Salmon,phone book,1976,1976,Salmon; Cobalt; Leadore; North Fork,,record,record,no
directories0970,Salmon,phone book,1977,1977,Salmon; Cobalt; Leadore; North Fork,,record,record,no
directories0971,Salmon,phone book,1978,1978,Salmon; Cobalt; Leadore; North Fork,,record,record,no
directories0972,Salmon,phone book,1981,1981,Salmon; Leadore; North Fork,,record,record,no
directories0973,Salmon,phone book,1982,1982,Salmon; Leadore; North Fork,,record,record,no
directories0974,Salmon,phone book,1984,1984,Salmon; Leadore; North Fork,,record,record,no
directories0975,Salmon,phone book,1986,1986,Salmon; Leadore; North Fork,,record,record,no
directories0976,Salmon,phone book,1988,1988,Salmon; Leadore; North Fork,,record,record,no
directories0977,Salmon,phone book,1989,1989,Salmon; Leadore; North Fork,,record,record,no
directories0978,Salmon,phone book,1990,1990,Salmon; Leadore; North Fork,,record,record,no
directories0979,Salmon,phone book,1991,1991,Salmon; Leadore; North Fork,,record,record,no
directories0980,Salmon,phone book,1992,1992,Salmon; Leadore; North Fork,,record,record,no
directories0981,Salmon,phone book,1993,1993,Salmon; Leadore; North Fork,,record,record,no
directories0982,Sandpoint,phone book,1947,1947,Sandpoint; Bonners Ferry; Samuels; Lakeside; Ponderay; Kootenai; Laclede; Sagle; Morton; Clagstone; Clark Fork; Copeland; Northside; Paradise Valley; Curley Creek,,record,record,no
directories0983,Sandpoint,phone book,1948,1948,Sandpoint; Bonners Ferry; Samuels; Lakeside; Ponderay; Kootenai; Laclede; Sagle; Morton; Clagstone; Clark Fork; Copeland; Northside; Paradise Valley; Curley Creek,,record,record,no
directories0984,Sandpoint,phone book,1949,1949,Sandpoint; Bonners Ferry; Samuels; Lakeside; Ponderay; Kootenai; Laclede; Sagle; Morton; Clagstone; Clark Fork; Copeland; Northside; Paradise Valley; Curley Creek; Moyie Springs; Eastport; Edgemere; Naples;,,record,record,no
directories0985,Sandpoint,phone book,1950,1950,Sandpoint; Bonners Ferry; Samuels; Lakeside; Ponderay; Kootenai; Laclede; Sagle; Morton; Clagstone; Clark Fork; Copeland; Northside; Paradise Valley; Curley Creek; Moyie Springs; Eastport; Edgemere; Naples;,,record,record,no
directories0986,Sandpoint,phone book,1951,1951,Sandpoint; Bonners Ferry; Samuels; Lakeside; Ponderay; Kootenai; Laclede; Sagle; Morton; Clagstone; Clark Fork; Copeland; Northside; Paradise Valley; Curley Creek; Moyie Springs; Eastport; Edgemere; Naples;,,record,record,no
directories0987,Sandpoint,phone book,1952,1952,Sandpoint; Bonners Ferry; Samuels; Lakeside; Ponderay; Kootenai; Laclede; Sagle; Morton; Clagstone; Clark Fork; Copeland; Northside; Paradise Valley; Curley Creek; Moyie Springs; Eastport; Edgemere; Naples; Hope,,record,record,no
directories0988,Sandpoint,phone book,1953,1953,Sandpoint; Bonners Ferry; Samuels; Lakeside; Ponderay; Kootenai; Laclede; Sagle; Morton; Clagstone; Clark Fork; Copeland; Northside; Paradise Valley; Curley Creek; Moyie Springs; Eastport; Edgemere; Naples; Hope,,record,record,no
directories0989,Sandpoint,phone book,1954,1954,Sandpoint; Bonners Ferry; Samuels; Lakeside; Ponderay; Kootenai; Laclede; Sagle; Morton; Clagstone; Clark Fork; Copeland; Northside; Paradise Valley; Curley Creek; Moyie Springs; Eastport; Edgemere; Naples; Hope,,record,record,no
directories0990,Sandpoint,phone book,1955,1955,Sandpoint; Bonners Ferry; Samuels; Lakeside; Ponderay; Kootenai; Laclede; Sagle; Morton; Clagstone; Clark Fork; Copeland; Northside; Paradise Valley; Curley Creek; Moyie Springs; Eastport; Edgemere; Naples; Hope,,record,record,no
directories0991,Sandpoint,phone book,1956-02,1956-02,Sandpoint; Bonners Ferry; Samuels; Lakeside; Ponderay; Kootenai; Laclede; Sagle; Morton; Clagstone; Clark Fork; Copeland; Northside; Paradise Valley; Curley Creek; Moyie Springs; Eastport; Edgemere; Naples; Hope,,record,record,no
directories0992,Sandpoint,phone book,1956-07,1956-07,Sandpoint; Bonners Ferry; Samuels; Lakeside; Ponderay; Kootenai; Laclede; Sagle; Morton; Clagstone; Clark Fork; Copeland; Northside; Paradise Valley; Curley Creek; Moyie Springs; Eastport; Edgemere; Naples; Hope Careywood; cocolalla; Edgemere; Talache; Vay; Westmond; Hope,,record,record,no
directories0993,Sandpoint,phone book,1957,1957,Sandpoint; Bonners Ferry; Samuels; Lakeside; Ponderay; Kootenai; Laclede; Sagle; Morton; Clagstone; Clark Fork; Copeland; Northside; Paradise Valley; Curley Creek; Moyie Springs; Eastport; Edgemere; Naples; Hope Careywood; cocolalla; Edgemere; Talache; Vay; Westmond; Hope,,record,record,no
directories0994,Sandpoint,phone book,1958,1958,Sandpoint; Bonners Ferry; Samuels; Lakeside; Ponderay; Kootenai; Laclede; Sagle; Morton; Clagstone; Clark Fork; Copeland; Northside; Paradise Valley; Curley Creek; Moyie Springs; Eastport; Edgemere; Naples; Hope Careywood; cocolalla; Edgemere; Talache; Vay; Westmond; Hope,,record,record,no
directories0995,Sandpoint,phone book,1960,1960,Sandpoint; Bonners Ferry; Samuels; Lakeside; Ponderay; Kootenai; Laclede; Sagle; Morton; Clagstone; Clark Fork; Copeland; Northside; Paradise Valley; Curley Creek; Moyie Springs; Eastport; Edgemere; Naples; Hope Careywood; cocolalla; Edgemere; Talache; Vay; Westmond; Hope,,record,record,no
directories0996,Sandpoint,phone book,1961,1961,Sandpoint; Bonners Ferry; Samuels; Lakeside; Ponderay; Kootenai; Laclede; Sagle; Morton; Clagstone; Clark Fork; Copeland; Northside; Paradise Valley; Curley Creek; Moyie Springs; Eastport; Edgemere; Naples; Hope Careywood; cocolalla; Edgemere; Talache; Vay; Westmond; Hope,,record,record,no
directories0997,Sandpoint,phone book,1962,1962,Sandpoint; Bonners Ferry; Samuels; Lakeside; Ponderay; Kootenai; Laclede; Sagle; Morton; Clagstone; Clark Fork; Copeland; Northside; Paradise Valley; Curley Creek; Moyie Springs; Eastport; Edgemere; Naples; Hope Careywood; cocolalla; Edgemere; Talache; Vay; Westmond; Hope,,record,record,no
directories0998,Sandpoint,phone book,1963,1963,Sandpoint; Bonners Ferry; Samuels; Lakeside; Ponderay; Kootenai; Laclede; Sagle; Morton; Clagstone; Clark Fork; Copeland; Northside; Paradise Valley; Curley Creek; Moyie Springs; Eastport; Edgemere; Naples; Hope Careywood; cocolalla; Edgemere; Talache; Vay; Westmond; Hope,,record,record,no
directories0999,Sandpoint,phone book,1964,1964,Sandpoint; Bonners Ferry; Samuels; Lakeside; Ponderay; Kootenai; Laclede; Sagle; Morton; Clagstone; Clark Fork; Copeland; Northside; Paradise Valley; Curley Creek; Moyie Springs; Eastport; Edgemere; Naples; Hope Careywood; cocolalla; Edgemere; Talache; Vay; Westmond; Hope,,record,record,no
directories1000,Sandpoint,phone book,1965,1965,Sandpoint; Bonners Ferry; Samuels; Lakeside; Ponderay; Kootenai; Laclede; Sagle; Morton; Clagstone; Clark Fork; Copeland; Northside; Paradise Valley; Curley Creek; Moyie Springs; Eastport; Edgemere; Naples; Hope Careywood; cocolalla; Edgemere; Talache; Vay; Westmond; Hope; Dover,,record,record,no
directories1001,Sandpoint,phone book,1967,1967,Sandpoint; Bonners Ferry; Samuels; Lakeside; Ponderay; Kootenai; Laclede; Sagle; Morton; Clagstone; Clark Fork; Copeland; Northside; Paradise Valley; Curley Creek; Moyie Springs; Eastport; Edgemere; Naples; Hope Careywood; cocolalla; Edgemere; Talache; Vay; Westmond; Hope; Dover,,record,record,no
directories1002,Sandpoint,phone book,1968,1968,Sandpoint; Bonners Ferry; Samuels; Lakeside; Ponderay; Kootenai; Laclede; Sagle; Morton; Clagstone; Clark Fork; Copeland; Northside; Paradise Valley; Curley Creek; Moyie Springs; Eastport; Edgemere; Naples; Hope Careywood; cocolalla; Edgemere; Talache; Vay; Westmond; Hope; Dover; Oden,,record,record,no
directories1003,Sandpoint,phone book,1969,1969,Sandpoint; Bonners Ferry; Samuels; Lakeside; Ponderay; Kootenai; Laclede; Sagle; Morton; Clagstone; Clark Fork; Copeland; Northside; Paradise Valley; Curley Creek; Moyie Springs; Eastport; Edgemere; Naples; Hope Careywood; cocolalla; Edgemere; Talache; Vay; Westmond; Hope; Dover; Oden; Porthill,,record,record,no
directories1004,Sandpoint,phone book,1970,1970,Sandpoint; Hope; Bonners Ferry; Clark Fork; Cocolalla; Colburn; Copeland; Dover; East Hope; Eastport; Elmira; Kootenai; Kootenai Bay; Laclede; Moyie Springs; Naples; Ponderay; Porthill; Sagle; Samuels; Westmond,,record,record,no
directories1005,Sandpoint,phone book,1972,1972,Sandpoint; Hope; Bonners Ferry; Clark Fork; Cocolalla; Colburn; Copeland; Dover; East Hope; Eastport; Elmira; Kootenai; Kootenai Bay; Laclede; Moyie Springs; Naples; Ponderay; Porthill; Sagle; Samuels; Westmond,,record,record,no
directories1006,Sandpoint,phone book,1973,1973,Sandpoint; Hope; Bonners Ferry; Clark Fork; Cocolalla; Colburn; Copeland; Dover; East Hope; Eastport; Elmira; Kootenai; Kootenai Bay; Laclede; Moyie Springs; Naples; Ponderay; Porthill; Sagle; Samuels; Westmond,,record,record,no
directories1007,Sandpoint,phone book,1974,1974,Sandpoint; Hope; Bonners Ferry; Clark Fork; Cocolalla; Colburn; Copeland; Dover; East Hope; Eastport; Elmira; Kootenai; Kootenai Bay; Laclede; Moyie Springs; Naples; Ponderay; Porthill; Sagle; Samuels; Westmond,,record,record,no
directories1008,Sandpoint,phone book,1976,1976,Sandpoint; Hope; Bonners Ferry; Clark Fork; Cocolalla; Colburn; Copeland; Dover; East Hope; Eastport; Elmira; Kootenai; Kootenai Bay; Laclede; Moyie Springs; Naples; Ponderay; Porthill; Sagle; Samuels; Westmond,,record,record,no
directories1009,Sandpoint,phone book,1975,1975,Sandpoint; Hope; Bonners Ferry; Clark Fork; Cocolalla; Colburn; Copeland; Dover; East Hope; Eastport; Elmira; Kootenai; Kootenai Bay; Laclede; Moyie Springs; Naples; Ponderay; Porthill; Sagle; Samuels; Westmond,,record,record,no
directories1010,Sandpoint,phone book,1977,1977,Sandpoint; Hope; Bonners Ferry; Clark Fork; Cocolalla; Colburn; Copeland; Dover; East Hope; Eastport; Elmira; Kootenai; Kootenai Bay; Laclede; Moyie Springs; Naples; Ponderay; Porthill; Sagle; Samuels; Westmond; Blanchard; Coolin; Cusick; Furport; Ione; Locke; Lost Creek; Metaline Falls; Newport; Oldtown; Priest Lake; Priest River; Tiger; Usk,,record,record,no
directories1011,Sandpoint,phone book,1978,1978,Sandpoint; Hope; Bonners Ferry; Clark Fork; Cocolalla; Colburn; Copeland; Dover; East Hope; Eastport; Elmira; Kootenai; Kootenai Bay; Laclede; Moyie Springs; Naples; Ponderay; Porthill; Sagle; Samuels; Westmond; Blanchard; Coolin; Cusick; Furport; Ione; Locke; Lost Creek; Metaline Falls; Newport; Oldtown; Priest Lake; Priest River; Tiger; Usk,,record,record,no
directories1012,Sandpoint,phone book,1981,1981,Sandpoint; Hope; Bonners Ferry; Clark Fork; Cocolalla; Colburn; Copeland; Dover; East Hope; Eastport; Elmira; Kootenai; Kootenai Bay; Laclede; Moyie Springs; Naples; Ponderay; Porthill; Sagle; Samuels; Westmond; Blanchard; Coolin; Cusick; Furport; Ione; Locke; Lost Creek; Metaline Falls; Newport; Oldtown; Priest Lake; Priest River; Tiger; Usk,,record,record,no
directories1013,Sandpoint,phone book,1982,1982-1983,Sandpoint; Hope; Bonners Ferry; Clark Fork; Cocolalla; Colburn; Copeland; Dover; East Hope; Eastport; Elmira; Kootenai; Kootenai Bay; Laclede; Moyie Springs; Naples; Ponderay; Porthill; Sagle; Samuels; Westmond; Blanchard; Coolin; Cusick; Furport; Ione; Locke; Lost Creek; Metaline Falls; Newport; Oldtown; Priest Lake; Priest River; Tiger; Usk,,record,record,no
directories1014,Sandpoint,phone book,1984,1984-1985,Sandpoint; Hope; Bonners Ferry; Clark Fork; Cocolalla; Colburn; Copeland; Dover; East Hope; Eastport; Elmira; Kootenai; Kootenai Bay; Laclede; Moyie Springs; Naples; Ponderay; Porthill; Sagle; Samuels; Westmond; Blanchard; Coolin; Cusick; Furport; Ione; Locke; Lost Creek; Metaline Falls; Newport; Oldtown; Priest Lake; Priest River; Tiger; Usk,,record,record,no
directories1015,Sandpoint,phone book,1985,1985-1986,Sandpoint; Hope; Bonners Ferry; Clark Fork; Cocolalla; Colburn; Copeland; Dover; East Hope; Eastport; Elmira; Kootenai; Kootenai Bay; Laclede; Moyie Springs; Naples; Ponderay; Porthill; Sagle; Samuels; Westmond; Blanchard; Coolin; Cusick; Furport; Ione; Locke; Lost Creek; Metaline Falls; Newport; Oldtown; Priest Lake; Priest River; Tiger; Usk,,record,record,no
directories1016,Sandpoint,phone book,1986,1986-1987,Sandpoint; Hope; Bonners Ferry; Clark Fork; Cocolalla; Colburn; Copeland; Dover; East Hope; Eastport; Elmira; Kootenai; Kootenai Bay; Laclede; Moyie Springs; Naples; Ponderay; Porthill; Sagle; Samuels; Westmond; Blanchard; Coolin; Cusick; Furport; Ione; Locke; Lost Creek; Metaline Falls; Newport; Oldtown; Priest Lake; Priest River; Tiger; Usk,,record,record,no
directories1017,Sandpoint,phone book,1987,1987-1988,Sandpoint; Hope; Bonners Ferry; Clark Fork; Cocolalla; Colburn; Copeland; Dover; East Hope; Eastport; Elmira; Kootenai; Kootenai Bay; Laclede; Moyie Springs; Naples; Ponderay; Porthill; Sagle; Samuels; Westmond; Blanchard; Coolin; Cusick; Furport; Ione; Locke; Lost Creek; Metaline Falls; Newport; Oldtown; Priest Lake; Priest River; Tiger; Usk,,record,record,no
directories1018,Sandpoint,phone book,1988,1988-1989,Sandpoint; Hope; Bonners Ferry; Clark Fork; Cocolalla; Colburn; Copeland; Dover; East Hope; Eastport; Elmira; Kootenai; Kootenai Bay; Laclede; Moyie Springs; Naples; Ponderay; Porthill; Sagle; Samuels; Westmond; Blanchard; Coolin; Cusick; Furport; Ione; Locke; Lost Creek; Metaline Falls; Newport; Oldtown; Priest Lake; Priest River; Tiger; Usk,,record,record,no
directories1019,Sandpoint,phone book,1989,1989-1990,Sandpoint; Hope; Bonners Ferry; Clark Fork; Cocolalla; Colburn; Copeland; Dover; East Hope; Eastport; Elmira; Kootenai; Kootenai Bay; Laclede; Moyie Springs; Naples; Ponderay; Porthill; Sagle; Samuels; Westmond; Blanchard; Coolin; Cusick; Furport; Ione; Locke; Lost Creek; Metaline Falls; Newport; Oldtown; Priest Lake; Priest River; Tiger; Usk,,record,record,no
directories1020,Sandpoint,phone book,1990,1990-1991,Sandpoint; Hope; Bonners Ferry; Clark Fork; Cocolalla; Colburn; Copeland; Dover; East Hope; Eastport; Elmira; Kootenai; Kootenai Bay; Laclede; Moyie Springs; Naples; Ponderay; Porthill; Sagle; Samuels; Westmond; Blanchard; Coolin; Cusick; Furport; Ione; Locke; Lost Creek; Metaline Falls; Newport; Oldtown; Priest Lake; Priest River; Tiger; Usk,,record,record,no
directories1021,Sandpoint,phone book,1991,1991-1992,Sandpoint; Hope; Bonners Ferry; Clark Fork; Cocolalla; Colburn; Copeland; Dover; East Hope; Eastport; Elmira; Kootenai; Kootenai Bay; Laclede; Moyie Springs; Naples; Ponderay; Porthill; Sagle; Samuels; Westmond; Blanchard; Coolin; Cusick; Furport; Ione; Locke; Lost Creek; Metaline Falls; Newport; Oldtown; Priest Lake; Priest River; Tiger; Usk,,record,record,no
directories1022,Sandpoint,phone book,1992,1992-1993,Sandpoint; Hope; Bonners Ferry; Clark Fork; Cocolalla; Colburn; Copeland; Dover; East Hope; Eastport; Elmira; Kootenai; Kootenai Bay; Laclede; Moyie Springs; Naples; Ponderay; Porthill; Sagle; Samuels; Westmond; Blanchard; Coolin; Cusick; Furport; Ione; Locke; Lost Creek; Metaline Falls; Newport; Oldtown; Priest Lake; Priest River; Tiger; Usk,,record,record,no
directories1023,Sandpoint,phone book,1993,1993-1994,Sandpoint; Hope; Bonners Ferry; Clark Fork; Cocolalla; Colburn; Copeland; Dover; East Hope; Eastport; Elmira; Kootenai; Kootenai Bay; Laclede; Moyie Springs; Naples; Ponderay; Porthill; Sagle; Samuels; Westmond; Blanchard; Coolin; Cusick; Furport; Ione; Locke; Lost Creek; Metaline Falls; Newport; Oldtown; Priest Lake; Priest River; Tiger; Usk,,record,record,no
directories1024,Soda Springs,phone book,1955,1955,Soda Springs; Bancroft; Grace; Chesterfield; Toponce; Hatch; Lund; Bench; Lago; Central;,,record,record,no
directories1025,Soda Springs,phone book,1957,1957,Soda Springs; Bancroft; Grace; Chesterfield; Toponce; Hatch; Lund; Bench; Lago; Central;,,record,record,no
directories1026,Soda Springs,phone book,1958,1958,Soda Springs; Bancroft; Grace; Chesterfield; Toponce; Hatch; Lund; Bench; Lago; Central; Conda,,record,record,no
directories1027,Soda Springs,phone book,1959,1959,Soda Springs; Bancroft; Grace; Chesterfield; Toponce; Hatch; Lund; Bench; Lago; Central; Conda,,record,record,no
directories1028,Soda Springs,phone book,1960,1960,Soda Springs; Bancroft; Grace; Chesterfield; Toponce; Hatch; Lund; Bench; Lago; Central; Conda,,record,record,no
directories1029,Soda Springs,phone book,1962,1962,Soda Springs; Bancroft; Grace; Chesterfield; Toponce; Hatch; Lund; Bench; Lago; Central; Conda; Thatcher;,,record,record,no
directories1030,Soda Springs,phone book,1966,1966,Soda Springs; Bancroft; Grace; Chesterfield; Toponce; Hatch; Lund; Bench; Lago; Central; Conda; Thatcher;,,record,record,no
directories1031,Soda Springs,phone book,1968,1968,Soda Springs; Bancroft; Grace; Chesterfield; Toponce; Hatch; Lund; Bench; Lago; Central; Conda; Thatcher;,,record,record,no
directories1032,Soda Springs,phone book,1969,1969,Soda Springs; Bancroft; Grace; Chesterfield; Toponce; Hatch; Lund; Bench; Lago; Central; Conda; Thatcher;,,record,record,no
directories1033,Soda Springs,phone book,1970,1970,Soda Springs; Bancroft; Grace; Chesterfield; Toponce; Hatch; Lund; Bench; Lago; Central; Conda; Thatcher;,,record,record,no
directories1034,Soda Springs,phone book,1974,1974,Soda Springs; Bancroft; Grace; Montpelier; Paris; Thatcher; Chesterfield; Georgetown; Nounan; Dingle; Ovid; Bennington; Wardboro; Geneva; Raymond; Bern; St. Charles; Bloomington; Fish Haven; Liberty; Lanark,,record,record,no
directories1035,Soda Springs,phone book,1975,1975,Soda Springs; Bancroft; Grace; Montpelier; Paris; Thatcher; Chesterfield; Georgetown; Nounan; Dingle; Ovid; Bennington; Wardboro; Geneva; Raymond; Bern; St. Charles; Bloomington; Fish Haven; Liberty; Lanark,,record,record,no
directories1036,Soda Springs,phone book,1977,1977,Soda Springs; Bancroft; Grace; Montpelier; Paris; Thatcher; Chesterfield; Georgetown; Nounan; Dingle; Ovid; Bennington; Wardboro; Geneva; Raymond; Bern; St. Charles; Bloomington; Fish Haven; Liberty; Lanark,,record,record,no
directories1037,Soda Springs,phone book,1978,1978,Soda Springs; Bancroft; Grace; Montpelier; Paris; Thatcher; Chesterfield; Georgetown; Nounan; Dingle; Ovid; Bennington; Wardboro; Geneva; Raymond; Bern; St. Charles; Bloomington; Fish Haven; Liberty; Lanark,,record,record,no
directories1038,Soda Springs,phone book,1981,1981,Soda Springs; Bancroft; Grace; Montpelier; Paris; Thatcher; Chesterfield; Georgetown; Nounan; Dingle; Ovid; Bennington; Wardboro; Geneva; Raymond; Bern; St. Charles; Bloomington; Fish Haven; Liberty; Lanark,,record,record,no
directories1039,Soda Springs,phone book,1982,1982,Soda Springs; Bancroft; Grace; Montpelier; Paris; Thatcher; Chesterfield; Georgetown; Nounan; Dingle; Ovid; Bennington; Wardboro; Geneva; Raymond; Bern; St. Charles; Bloomington; Fish Haven; Liberty; Lanark,,record,record,no
directories1040,Soda Springs,phone book,1984,1984,Soda Springs; Bancroft; Grace; Montpelier; Paris; Thatcher; Chesterfield; Georgetown; Nounan; Dingle; Ovid; Bennington; Wardboro; Geneva; Raymond; Bern; St. Charles; Bloomington; Fish Haven; Liberty; Lanark,,record,record,no
directories1041,Soda Springs,phone book,1985,1985,Soda Springs; Bancroft; Grace; Montpelier; Paris; Thatcher; Chesterfield; Georgetown; Nounan; Dingle; Ovid; Bennington; Wardboro; Geneva; Raymond; Bern; St. Charles; Bloomington; Fish Haven; Liberty; Lanark,,record,record,no
directories1042,Soda Springs,phone book,1986,1986,Soda Springs; Bancroft; Grace; Montpelier; Paris; Thatcher; Chesterfield; Georgetown; Nounan; Dingle; Ovid; Bennington; Wardboro; Geneva; Raymond; Bern; St. Charles; Bloomington; Fish Haven; Liberty; Lanark,,record,record,no
directories1043,Soda Springs,phone book,1987,1987-1988,Soda Springs; Bancroft; Grace; Montpelier; Paris; Thatcher; Chesterfield; Georgetown; Nounan; Dingle; Ovid; Bennington; Wardboro; Geneva; Raymond; Bern; St. Charles; Bloomington; Fish Haven; Liberty; Lanark,,record,record,no
directories1044,Soda Springs,phone book,1989,1989-1990,Soda Springs; Bancroft; Grace; Montpelier; Paris; Thatcher; Chesterfield; Georgetown; Nounan; Dingle; Ovid; Bennington; Wardboro; Geneva; Raymond; Bern; St. Charles; Bloomington; Fish Haven; Liberty; Lanark,,record,record,no
directories1045,Soda Springs,phone book,1990,1990-1991,Soda Springs; Bancroft; Grace; Montpelier; Paris; Thatcher; Chesterfield; Georgetown; Nounan; Dingle; Ovid; Bennington; Wardboro; Geneva; Raymond; Bern; St. Charles; Bloomington; Fish Haven; Liberty; Lanark,,record,record,no
directories1046,Soda Springs,phone book,1991,1991-1992,Soda Springs; Bancroft; Grace; Montpelier; Paris; Thatcher; Chesterfield; Georgetown; Nounan; Dingle; Ovid; Bennington; Wardboro; Geneva; Raymond; Bern; St. Charles; Bloomington; Fish Haven; Liberty; Lanark,,record,record,no
directories1047,Soda Springs,phone book,1992,1992-1993,Soda Springs; Bancroft; Grace; Montpelier; Paris; Thatcher; Chesterfield; Georgetown; Nounan; Dingle; Ovid; Bennington; Wardboro; Geneva; Raymond; Bern; St. Charles; Bloomington; Fish Haven; Liberty; Lanark,,record,record,no
directories1048,Soda Springs,phone book,1993,1993-1994,Soda Springs; Bancroft; Grace; Montpelier; Paris; Thatcher; Chesterfield; Georgetown; Nounan; Dingle; Ovid; Bennington; Wardboro; Geneva; Raymond; Bern; St. Charles; Bloomington; Fish Haven; Liberty; Lanark,,record,record,no
directories1049,Soda Springs,phone book,1994,1994-1995,Soda Springs; Bancroft; Grace; Montpelier; Paris; Thatcher; Chesterfield; Georgetown; Nounan; Dingle; Ovid; Bennington; Wardboro; Geneva; Raymond; Bern; St. Charles; Bloomington; Fish Haven; Liberty; Lanark,,record,record,no
directories1050,Soda Springs,phone book,1995,1995-1996,Soda Springs; Bancroft; Grace; Montpelier; Paris; Thatcher; Chesterfield; Georgetown; Nounan; Dingle; Ovid; Bennington; Wardboro; Geneva; Raymond; Bern; St. Charles; Bloomington; Fish Haven; Liberty; Lanark,,record,record,no
directories1051,Soda Springs,phone book,1996,1996-1997,Soda Springs; Bancroft; Grace; Montpelier; Paris; Thatcher; Chesterfield; Georgetown; Nounan; Dingle; Ovid; Bennington; Wardboro; Geneva; Raymond; Bern; St. Charles; Bloomington; Fish Haven; Liberty; Lanark,,record,record,no
directories1052,Soda Springs,phone book,1999,1999-2000,Soda Springs; Bancroft; Bennington; Bern; Bloomington; Dingle; Fish Haven; Geneva; Georgetown; Grace; Montpelier; Ovid; Paris; St. Charles; Thatcher; Wayan,,record,record,no
directories1053,Soda Springs,phone book,2000,2000-2001,Soda Springs; Bancroft; Bennington; Bern; Bloomington; Dingle; Fish Haven; Geneva; Georgetown; Grace; Montpelier; Ovid; Paris; St. Charles; Thatcher; Wayan,,record,record,no
directories1054,Soda Springs,phone book,2001,2001-2002,Soda Springs; Bancroft; Bennington; Bern; Bloomington; Dingle; Fish Haven; Geneva; Georgetown; Grace; Montpelier; Ovid; Paris; St. Charles; Thatcher; Wayan,,record,record,no
directories1055,Soda Springs,phone book,2002,2002-2003,Soda Springs; Bancroft; Grace; Montpelier; Paris; Wayan,,record,record,no
directories1056,St. Maries,phone book,1958,1958,St. Maries; Harrison; Plummer; Hayden Lake; Rathdrum; Farragut; Post Falls; Spirit Lake; Worley; Milltown; Meadowhurst; Benewah; Townsite; Riverdale; Calder; Cherry Creek; Carroll Heights; Harrison Flats; Blue Lake; Medimont; Eastpoint; Coeur d'Alene; Dalton Gardens; Fernan Hills; Bayview; Athol; Careywood; Hauser Lake; Twin Lakes,,record,record,no
directories1057,St. Maries,phone book,1959,1959,St. Maries; Harrison; Plummer; Hayden Lake; Rathdrum; Farragut; Post Falls; Spirit Lake; Worley; Milltown; Meadowhurst; Benewah; Townsite; Riverdale; Calder; Cherry Creek; Carroll Heights; Harrison Flats; Blue Lake; Medimont; Eastpoint; Coeur d'Alene; Dalton Gardens; Fernan Hills; Bayview; Athol; Careywood; Hauser Lake; Twin Lakes,,record,record,no
directories1058,St. Maries,phone book,1960,1960,St. Maries; Harrison; Plummer; Milltown; Townsite; Meadowhurst; Riverdale; Harrison Flats; Eastpoint;,,record,record,no
directories1059,St. Maries,phone book,1961,1961,St. Maries; Harrison; Plummer; Milltown; Townsite; Meadowhurst; Riverdale; Harrison Flats; Eastpoint;,,record,record,no
directories1060,St. Maries,phone book,1962,1962,St. Maries; Harrison; Plummer; Milltown; Townsite; Meadowhurst; Riverdale; Harrison Flats; Eastpoint;,,record,record,no
directories1061,St. Maries,phone book,1965,1965,St. Maries; Harrison; Plummer; Milltown; Townsite; Meadowhurst; Riverdale; Harrison Flats; Eastpoint;,,record,record,no
directories1062,St. Maries,phone book,1967,1967,St. Maries; Harrison; Plummer; Milltown; Townsite; Meadowhurst; Riverdale; Harrison Flats; Eastpoint;,,record,record,no
directories1063,St. Maries,phone book,1968,1968,St. Maries; Harrison; Plummer; Milltown; Townsite; Meadowhurst; Riverdale; Harrison Flats; Eastpoint;,,record,record,no
directories1064,St. Maries,phone book,1969,1969,St. Maries; Harrison; Plummer; Milltown; Townsite; Meadowhurst; Riverdale; Harrison Flats; Eastpoint;,,record,record,no
directories1065,St. Maries,phone book,1970,1970,St. Maries; Harrison; Plummer; Milltown; Townsite; Meadowhurst; Riverdale; Harrison Flats; Eastpoint;,,record,record,no
directories1066,St. Maries,phone book,1971,1971,St. Maries; Harrison; Plummer; Milltown; Townsite; Meadowhurst; Riverdale; Harrison Flats; Eastpoint;,,record,record,no
directories1067,St. Maries,phone book,1972,1972,St. Maries; Harrison; Plummer; Milltown; Townsite; Meadowhurst; Riverdale; Harrison Flats; Eastpoint; Avery; Calder; Chatcolet; Clarkia; Emida; Fernwood; Medimont; Santa,,record,record,no
directories1068,St. Maries,phone book,1973,1973,St. Maries; Harrison; Benewah; Plummer; Milltown; Townsite; Meadowhurst; Riverdale; Harrison Flats; Eastpoint; Avery; Calder; Chatcolet; Clarkia; Emida; Fernwood; Medimont; Santa; Worley,,record,record,no
directories1069,St. Maries,phone book,1974,1974,St. Maries; Harrison; Benewah; Plummer; Milltown; Townsite; Meadowhurst; Riverdale; Harrison Flats; Eastpoint; Avery; Calder; Chatcolet; Clarkia; Emida; Fernwood; Medimont; Santa; Worley,,record,record,no
directories1070,St. Maries,phone book,1975,1975,St. Maries; Harrison; Benewah; Plummer; Milltown; Townsite; Meadowhurst; Riverdale; Harrison Flats; Eastpoint; Avery; Calder; Chatcolet; Clarkia; Emida; Fernwood; Medimont; Santa; Worley,,record,record,no
directories1071,St. Maries,phone book,1976,1976,St. Maries; Harrison; Benewah; Plummer; Milltown; Townsite; Meadowhurst; Riverdale; Harrison Flats; Eastpoint; Avery; Calder; Chatcolet; Clarkia; Emida; Fernwood; Medimont; Santa; Worley,,record,record,no
directories1072,St. Maries,phone book,1977,1977,St. Maries; Harrison; Benewah; Plummer; Milltown; Townsite; Meadowhurst; Riverdale; Harrison Flats; Eastpoint; Avery; Calder; Chatcolet; Clarkia; Emida; Fernwood; Medimont; Santa; Worley,,record,record,no
directories1073,St. Maries,phone book,1981,1981,St. Maries; Harrison; Benewah; Plummer; Milltown; Townsite; Meadowhurst; Riverdale; Harrison Flats; Eastpoint; Avery; Calder; Chatcolet; Clarkia; Emida; Fernwood; Medimont; Santa; Worley,,record,record,no
directories1074,St. Maries,phone book,1982,1982-1983,St. Maries; Harrison; Benewah; Plummer; Milltown; Townsite; Meadowhurst; Riverdale; Harrison Flats; Eastpoint; Avery; Calder; Chatcolet; Clarkia; Emida; Fernwood; Medimont; Santa; Worley,,record,record,no
directories1075,St. Maries,phone book,1983,1983-1984,St. Maries; Harrison; Benewah; Plummer; Milltown; Townsite; Meadowhurst; Riverdale; Harrison Flats; Eastpoint; Avery; Calder; Chatcolet; Clarkia; Emida; Fernwood; Medimont; Santa; Worley,,record,record,no
directories1076,St. Maries,phone book,1984,1984-1985,St. Maries; Harrison; Benewah; Plummer; Milltown; Townsite; Meadowhurst; Riverdale; Harrison Flats; Eastpoint; Avery; Calder; Chatcolet; Clarkia; Emida; Fernwood; Medimont; Santa; Worley,,record,record,no
directories1077,St. Maries,phone book,1986,1986-1987,St. Maries; Harrison; Benewah; Plummer; Milltown; Townsite; Meadowhurst; Riverdale; Harrison Flats; Eastpoint; Avery; Calder; Chatcolet; Clarkia; Emida; Fernwood; Medimont; Santa; Worley,,record,record,no
directories1078,St. Maries,phone book,1987,1987-1988,St. Maries; Harrison; Benewah; Plummer; Milltown; Townsite; Meadowhurst; Riverdale; Harrison Flats; Eastpoint; Avery; Calder; Chatcolet; Clarkia; Emida; Fernwood; Medimont; Santa; Worley,,record,record,no
directories1079,St. Maries,phone book,1988,1988-1989,St. Maries; Harrison; Benewah; Plummer; Milltown; Townsite; Meadowhurst; Riverdale; Harrison Flats; Eastpoint; Avery; Calder; Chatcolet; Clarkia; Emida; Fernwood; Medimont; Santa; Worley,,record,record,no
directories1080,St. Maries,phone book,1989,1989-1990,St. Maries; Harrison; Benewah; Plummer; Milltown; Townsite; Meadowhurst; Riverdale; Harrison Flats; Eastpoint; Avery; Calder; Chatcolet; Clarkia; Emida; Fernwood; Medimont; Santa; Worley,,record,record,no
directories1081,St. Maries,phone book,1990,1990-1991,St. Maries; Harrison; Benewah; Plummer; Milltown; Townsite; Meadowhurst; Riverdale; Harrison Flats; Eastpoint; Avery; Calder; Chatcolet; Clarkia; Emida; Fernwood; Medimont; Santa; Worley,,record,record,no
directories1082,St. Maries,phone book,1991,1991-1992,St. Maries; Harrison; Benewah; Plummer; Milltown; Townsite; Meadowhurst; Riverdale; Harrison Flats; Eastpoint; Avery; Calder; Chatcolet; Clarkia; Emida; Fernwood; Medimont; Santa; Worley,,record,record,no
directories1083,St. Maries,phone book,1992,1992-1993,St. Maries; Harrison; Benewah; Plummer; Milltown; Townsite; Meadowhurst; Riverdale; Harrison Flats; Eastpoint; Avery; Calder; Chatcolet; Clarkia; Emida; Fernwood; Medimont; Santa; Worley,,record,record,no
directories1084,St. Maries,phone book,1994,1994-1995,St. Maries; Harrison; Benewah; Plummer; Milltown; Townsite; Meadowhurst; Riverdale; Harrison Flats; Eastpoint; Avery; Calder; Chatcolet; Clarkia; Emida; Fernwood; Medimont; Santa; Worley,,record,record,no
directories1085,St. Maries,phone book,1995,1995-1996,St. Maries; Harrison; Benewah; Plummer; Milltown; Townsite; Meadowhurst; Riverdale; Harrison Flats; Eastpoint; Avery; Calder; Chatcolet; Clarkia; Emida; Fernwood; Medimont; Santa; Worley,,record,record,no
directories1086,St. Maries,phone book,1997,1997-1998,St. Maries; Harrison; Benewah; Plummer; Milltown; Townsite; Meadowhurst; Riverdale; Harrison Flats; Eastpoint; Avery; Calder; Chatcolet; Clarkia; Emida; Fernwood; Medimont; Santa; Worley,,record,record,no
directories1087,St. Maries,phone book,1998,1998-1999,St. Maries; Harrison; Benewah; Plummer; Milltown; Townsite; Meadowhurst; Riverdale; Harrison Flats; Eastpoint; Avery; Calder; Chatcolet; Clarkia; Emida; Fernwood; Medimont; Santa; Worley,,record,record,no
directories1088,St. Maries,phone book,1999,1999-2000,St. Maries; Harrison; Benewah; Plummer; Milltown; Townsite; Meadowhurst; Riverdale; Harrison Flats; Eastpoint; Avery; Calder; Chatcolet; Clarkia; Emida; Fernwood; Medimont; Santa; Worley,,record,record,no
directories1089,St. Maries,phone book,2000,2000-2001,St. Maries; Harrison; Benewah; Plummer; Milltown; Townsite; Meadowhurst; Riverdale; Harrison Flats; Eastpoint; Avery; Calder; Chatcolet; Clarkia; Emida; Fernwood; Medimont; Santa; Worley,,record,record,no
directories1090,St. Maries,phone book,2001,2001,St. Maries; Harrison; Benewah; Plummer; Milltown; Townsite; Meadowhurst; Riverdale; Harrison Flats; Eastpoint; Avery; Calder; Chatcolet; Clarkia; Emida; Fernwood; Medimont; Santa; Worley,,record,record,no
directories1091,Sun Valley,phone book,1977,1977-1978,Sun Valley; Ketchum; Elkhorn; Hailey; Bellevue; Stanley; Carey,,record,record,no
directories1092,Sun Valley,phone book,1983,1983,Sun Valley; Ketchum; Elkhorn; Hailey; Bellevue; Stanley; Carey,,record,record,no
directories1093,Sun Valley,phone book,1985,1985,Sun Valley; Ketchum; Elkhorn; Hailey; Bellevue; Stanley; Carey,,record,record,no
directories1094,Sun Valley,phone book,1986,1986,Sun Valley; Ketchum; Elkhorn; Hailey; Bellevue; Stanley; Carey,,record,record,no
directories1095,Sun Valley,phone book,1988,1988,Sun Valley; Ketchum; Elkhorn; Hailey; Bellevue; Stanley; Carey,,record,record,no
directories1096,Troy,phone book,1959,1959,Troy; Moscow; Bovill; Elk River; Deary; Genesee; Potlatch,,record,record,yes
directories1097,Troy,phone book,1965,1965,Troy; Moscow; Bovill; Elk River; Deary; Genesee; Potlatch,,record,record,no
directories1098,Troy,phone book,1966,1966,Troy; Moscow; Bovill; Elk River; Deary; Genesee; Potlatch,,record,record,no
directories1099,Troy,phone book,1968,1968,Troy; Moscow; Bovill; Elk River; Deary; Genesee; Potlatch,,record,record,no
directories1100,Troy,phone book,1970,1970,Troy;,,record,record,no
directories1101,Troy,phone book,1971,1971,Troy;,,record,record,no
directories1102,Troy,phone book,1972,1972,Troy;,,record,record,no
directories1103,Troy,phone book,1973,1973,Troy;,,record,record,no
directories1104,Troy,phone book,1974,1974-1975,Troy; Moscow; Bovill; Elk River; Deary; Genesee; Potlatch,,record,record,no
directories1105,Troy,phone book,1974,1974-1975,Troy;,,record,record,no
directories1106,Troy,phone book,1976,1976,Troy; Moscow; Bovill; Elk River; Deary; Genesee; Potlatch,,record,record,no
directories1107,Troy,phone book,1978,1978,Troy; Moscow; Bovill; Elk River; Deary; Genesee; Potlatch,,record,record,no
directories1108,Troy,phone book,1981,1981,Troy; Moscow; Bovill; Elk River; Deary; Genesee; Potlatch,,record,record,no
directories1109,Troy,phone book,1982,1982,Troy; Moscow; Bovill; Elk River; Deary; Genesee; Potlatch,,record,record,no
directories1110,Troy,phone book,1984,1984,Troy; Moscow; Bovill; Elk River; Deary; Genesee; Potlatch,,,record,no
directories1111,Twin Falls,phone book,1947,1947,Twin Falls; Buhl; Castleford; Eden; Filer; Hazelton; Kimberly; Murtaugh,,,record,no
directories1112,Twin Falls,phone book,1949,1949,Twin Falls; Buhl; Castleford; Eden; Filer; Hazelton; Kimberly; Murtaugh,,,record,no
directories1113,Twin Falls,phone book,1952,1952,Twin Falls; Buhl; Castleford; Filer; Kimberly; Murtaugh,,,record,no
directories1114,Twin Falls,phone book,1954,1954,Twin Falls; Bliss; Buhl; Castleford; Dietrich; Eden; Filer; Gooding; Hagerman; Hailey; Hazelton; Jerome; Ketchum; Kimberly; Murtaugh; Shoshone; Wendell,,,record,no
directories1115,Twin Falls,Polk,1955,1955,Twin Falls; Buhl; Amsterdam; Castleford; Filer; Hansen; Kimberly; Rock Creek; Rogerson; Roseworth,Twin Falls County,,record,no
directories1116,Twin Falls,phone book,1956,1956,Twin Falls; Bliss; Buhl; Castleford; Dietrich; Eden; Filer; Gooding; Hagerman; Hailey; Hazelton; Jerome; Ketchum; Kimberly; Murtaugh; Shoshone; Wendell; Hansen,,,record,no
directories1117,Twin Falls,phone book,1957,1957,Twin Falls; Bliss; Buhl; Castleford; Dietrich; Eden; Filer; Gooding; Hagerman; Hailey; Hazelton; Jerome; Ketchum; Kimberly; Murtaugh; Shoshone; Wendell; Hansen,,,record,no
directories1118,Twin Falls,Polk,1957,1957,Twin Falls; Buhl; Castleford; Filer; Hansen; Kimberly; Murtaugh; Rock Creek; Rogerson; Roseworth,Twin Falls County,,record,no
directories1119,Twin Falls,phone book,1958,1958,Twin Falls; Bliss; Buhl; Castleford; Dietrich; Eden; Filer; Gooding; Hagerman; Hailey; Hazelton; Jerome; Ketchum; Kimberly; Hansen; Murtaugh; Richfield; Shoshone; Wendell,,,record,no
directories1120,Twin Falls,phone book,1959,1959,Twin Falls; Bliss; Buhl; Castleford; Dietrich; Eden; Filer; Gooding; Hagerman; Hailey; Hazelton; Hollister; Jerome; Ketchum; Kimberly; Hansen; Murtaugh; Richfield; Shoshone; Wendell,,,record,no
directories1121,Twin Falls,Polk,1959,1959,Twin Falls; Buhl; Castleford; Filer; Hansen; Kimberly; Murtaugh; Rock Creek; Rogerson; Roseworth,Twin Falls County,,record,no
directories1122,Twin Falls,phone book,1961,1961,Twin Falls; Bliss; Buhl; Castleford; Dietrich; Eden; Filer; Gooding; Hagerman; Hailey; Hazelton; Hollister; Jerome; Ketchum; Kimberly; Hansen; Murtaugh; Richfield; Shoshone; Wendell,,,record,no
directories1123,Twin Falls,Polk,1961,1961,Twin Falls; Buhl; Castleford; Filer; Hansen; Kimberly; Murtaugh; Rock Creek; Rogerson; Roseworth,Twin Falls County,,record,no
directories1124,Twin Falls,Polk,1962,1962,Twin Falls; Buhl; Castleford; Filer; Hansen; Kimberly; Murtaugh; Rock Creek; Rogerson; Roseworth,Twin Falls County,,record,no
directories1125,Twin Falls,phone book,1963,1963,Twin Falls; Bliss; Buhl; Carey; Castleford; Dietrich; Eden; Filer; Gooding; Hagerman; Hailey; Hazelton; Hollister; Jerome; Ketchum; Kimberly; Hansen; Murtaugh; Richfield; Shoshone; Stanley; Wendell,,,record,no
directories1126,Twin Falls,Polk,1963,1963,Twin Falls; Buhl; Castleford; Filer; Hansen; Kimberly; Murtaugh; Rock Creek; Rogerson; Roseworth,Twin Falls County,,record,no
directories1127,Twin Falls,phone book,1964,1964,Twin Falls; Bliss; Buhl; Carey; Castleford; Dietrich; Eden; Filer; Gooding; Hagerman; Hailey; Hazelton; Hollister; Jerome; Ketchum; Kimberly; Hansen; Murtaugh; Richfield; Shoshone; Stanley; Wendell,,,record,no
directories1128,Twin Falls,phone book,1965,1965,Twin Falls; Bliss; Buhl; Carey; Castleford; Dietrich; Eden; Filer; Gooding; Hagerman; Hailey; Hazelton; Hollister; Jerome; Ketchum; Kimberly; Hansen; Murtaugh; Richfield; Shoshone; Stanley; Wendell,,,record,no
directories1129,Twin Falls,Polk,1965,1965,Twin Falls; Buhl; Castleford; Filer; Hansen; Kimberly; Murtaugh; Rock Creek; Rogerson; Roseworth,Twin Falls County,,record,no
directories1130,Twin Falls,Polk,1966,1966,Twin Falls; Buhl; Filer; Kimberly; Hagerman; Hansen; Castleford; Jerome; Murtaugh; Bliss; Burley; Rogerson;,Twin Falls County,,record,no
directories1131,Twin Falls,phone book,1967,1967,Twin Falls; Bliss; Buhl; Carey; Castleford; Dietrich; Eden; Filer; Gooding; Hagerman; Hailey; Hazelton; Hollister; Jerome; Ketchum; Kimberly; Hansen; Murtaugh; Richfield; Shoshone; Stanley; Wendell,,,record,no
directories1132,Twin Falls,Polk,1967,1967,Twin Falls; Buhl; Filer; Kimberly; Hagerman; Hansen; Castleford; Jerome; Murtaugh; Bliss; Burley; Rogerson;,Twin Falls County,,record,no
directories1133,Twin Falls,phone book,1968,1968,Twin Falls; Bliss; Buhl; Carey; Castleford; Dietrich; Eden; Filer; Gooding; Hagerman; Hailey; Hazelton; Hollister; Jerome; Ketchum; Sun Valley; Kimberly; Hansen; Murtaugh; Richfield; Shoshone; Stanley; Wendell,,,record,no
directories1134,Twin Falls,Polk,1968,1968,Twin Falls; Buhl; Filer; Kimberly; Hagerman; Hansen; Castleford; Jerome; Murtaugh; Bliss; Burley; Rogerson;,Twin Falls County,,record,no
directories1135,Twin Falls,phone book,1969,1969,Twin Falls; Bliss; Buhl; Carey; Castleford; Dietrich; Eden; Filer; Gooding; Hagerman; Hailey; Hazelton; Hollister; Jerome; Ketchum; Sun Valley; Kimberly; Hansen; Murtaugh; Richfield; Shoshone; Stanley; Wendell,,,record,no
directories1136,Twin Falls,Polk,1969,1969,Twin Falls; Buhl; Filer; Kimberly; Hagerman; Hansen; Castleford; Jerome; Murtaugh; Bliss; Burley; Rogerson;,Twin Falls County,,record,no
directories1137,Twin Falls,phone book,1970,1970,Twin Falls; Bliss; Buhl; Carey; Castleford; Dietrich; Eden; Filer; Gooding; Hagerman; Hailey; Hazelton; Hollister; Jerome; Ketchum; Sun Valley; Kimberly; Hansen; Murtaugh; Richfield; Shoshone; Stanley; Wendell,,,record,no
directories1138,Twin Falls,phone book,1971,1971,Twin Falls; Bliss; Buhl; Carey; Castleford; Dietrich; Eden; Filer; Gooding; Hagerman; Hailey; Hazelton; Hollister; Jerome; Ketchum; Sun Valley; Kimberly; Hansen; Murtaugh; Richfield; Shoshone; Stanley; Wendell,,,record,no
directories1139,Twin Falls,Polk,1973,1973,Twin Falls; Buhl; Filer; Kimberly; Hagerman; Hansen; Castleford; Jerome; Murtaugh; Bliss; Burley; Rogerson;,Twin Falls County,,record,no
directories1140,Twin Falls,phone book,1974,1974,Twin Falls; Bliss; Buhl; Carey; Castleford; Dietrich; Eden; Filer; Gooding; Hagerman; Hailey; Hazelton; Hollister; Jerome; Ketchum; Sun Valley; Kimberly; Hansen; Murtaugh; Richfield; Shoshone; Stanley; Wendell,,,record,no
directories1141,Twin Falls,Polk,1974,1974,Twin Falls; Buhl; Filer; Kimberly; Hagerman; Hansen; Castleford; Jerome; Murtaugh; Bliss; Burley; Rogerson;,Twin Falls County,,record,no
directories1142,Twin Falls,phone book,1975,1975,Twin Falls; Bliss; Buhl; Carey; Castleford; Dietrich; Eden; Filer; Gooding; Hagerman; Hailey; Hazelton; Hollister; Jerome; Ketchum; Sun Valley; Kimberly; Hansen; Murtaugh; Richfield; Shoshone; Stanley; Wendell,,,record,no
directories1143,Twin Falls,Polk,1975,1975,Twin Falls; Buhl; Filer; Kimberly; Hagerman; Hansen; Castleford; Jerome; Murtaugh; Bliss; Burley; Rogerson;,Twin Falls County,,record,no
directories1144,Twin Falls,Polk,1976,1976,Twin Falls; Buhl; Filer; Kimberly; Hagerman; Hansen; Castleford; Jerome; Murtaugh; Bliss; Burley; Rogerson;,Twin Falls County,,record,no
directories1145,Twin Falls,phone book,1976,1976,Twin Falls; Bliss; Buhl; Carey; Castleford; Dietrich; Eden; Filer; Gooding; Hagerman; Hailey; Hazelton; Hollister; Jerome; Ketchum; Sun Valley; Kimberly; Hansen; Murtaugh; Richfield; Shoshone; Stanley; Wendell,,,record,no
directories1146,Twin Falls,phone book,1977,1977,Twin Falls; Bliss; Buhl; Carey; Castleford; Dietrich; Eden; Filer; Gooding; Hagerman; Hailey; Hazelton; Hollister; Jerome; Ketchum; Sun Valley; Kimberly; Hansen; Murtaugh; Richfield; Shoshone; Stanley; Wendell,,,record,no
directories1147,Twin Falls,phone book,1979,1979,Twin Falls; Bliss; Buhl; Carey; Castleford; Dietrich; Eden; Filer; Gooding; Hagerman; Hailey; Hazelton; Hollister; Jerome; Ketchum; Sun Valley; Kimberly; Hansen; Murtaugh; Richfield; Shoshone; Stanley; Wendell,,,record,no
directories1148,Twin Falls,phone book,1981,1981,Twin Falls; Bliss; Buhl; Carey; Castleford; Dietrich; Eden; Filer; Gooding; Hagerman; Hailey; Hazelton; Hollister; Jerome; Ketchum; Sun Valley; Kimberly; Hansen; Murtaugh; Richfield; Shoshone; Stanley; Wendell,,,record,no
directories1149,Twin Falls,Polk,1981,1981,Twin Falls; Buhl; Filer; Kimberly; Hagerman; Hansen; Castleford; Jerome; Murtaugh; Bliss; Burley; Rogerson;,Twin Falls County,,record,no
directories1150,Twin Falls,phone book,1982,1982,Twin Falls; Bliss; Buhl; Carey; Castleford; Dietrich; Eden; Filer; Gooding; Hagerman; Hailey; Bellevue; Hazelton; Hollister; Jerome; Ketchum; Sun Valley; Kimberly; Hansen; Murtaugh; Richfield; Shoshone; Stanley; Wendell; Three Creek,,,record,no
directories1151,Twin Falls,Polk,1983,1983,Twin Falls; Buhl; Filer; Kimberly; Hagerman; Hansen; Castleford; Jerome; Murtaugh; Bliss; Burley; Rogerson;,Twin Falls County,,record,no
directories1152,Twin Falls,phone book,1983,1983,Twin Falls; Bliss; Buhl; Carey; Castleford; Dietrich; Eden; Filer; Gooding; Hagerman; Hailey; Bellevue; Hazelton; Hollister; Jerome; Ketchum; Sun Valley; Kimberly; Hansen; Murtaugh; Richfield; Shoshone; Stanley; Wendell; Three Creek,,,record,no
directories1153,Twin Falls,Polk,1984,1984,Twin Falls; Buhl; Filer; Kimberly; Hagerman; Hansen; Castleford; Jerome; Murtaugh; Bliss; Burley; Rogerson;,Twin Falls County,,record,no
directories1154,Twin Falls,Polk,1988,1988,Twin Falls; Buhl; Filer; Kimberly; Hagerman; Hansen; Castleford; Jerome; Murtaugh; Bliss; Burley; Rogerson;,Twin Falls County,,record,no
directories1155,Twin Falls,phone book,1987,1987-1988,Twin Falls; Bellevue; Bliss; Buhl; Carey; Castleford; Dietrich; Eden; Filer; Gooding; Hagerman; Hailey; Hansen; Hazelton; Hollister; Jerome; Ketchum; Kimberly; Murtaugh; Richfield; Shoshone; Stanley; Sun Valley; Three Creek; Wendell,,,record,no
directories1156,Twin Falls,phone book,1986,1986,Twin Falls; Bellevue; Bliss; Buhl; Carey; Castleford; Dietrich; Eden; Filer; Gooding; Hagerman; Hailey; Hansen; Hazelton; Hollister; Jerome; Ketchum; Kimberly; Murtaugh; Richfield; Shoshone; Stanley; Sun Valley; Three Creek; Wendell,,,record,no
directories1157,Twin Falls,phone book,1985,1985,Twin Falls; Bellevue; Bliss; Buhl; Carey; Castleford; Dietrich; Eden; Filer; Gooding; Hagerman; Hailey; Hansen; Hazelton; Hollister; Jerome; Ketchum; Kimberly; Murtaugh; Richfield; Shoshone; Stanley; Sun Valley; Three Creek; Wendell,,,record,no
directories1158,Twin Falls,phone book,1984,1984,Twin Falls; Bliss; Buhl; Carey; Castleford; Dietrich; Eden; Filer; Gooding; Hagerman; Hailey; Bellevue; Hazelton; Hollister; Jerome; Ketchum; Sun Valley; Kimberly; Hansen; Murtaugh; Richfield; Shoshone; Stanley; Wendell; Three Creek,,,record,no
directories1159,Twin Falls,phone book,1988,1988-1989,Twin Falls; Bellevue; Bliss; Buhl; Carey; Castleford; Dietrich; Eden; Filer; Gooding; Hagerman; Hailey; Hansen; Hazelton; Hollister; Jerome; Ketchum; Kimberly; Murtaugh; Richfield; Shoshone; Stanley; Sun Valley; Three Creek; Wendell,,,record,no
directories1160,Twin Falls,phone book,1989,1989-1990,Twin Falls; Bellevue; Bliss; Buhl; Carey; Castleford; Dietrich; Eden; Filer; Gooding; Hagerman; Hailey; Hansen; Hazelton; Hollister; Jerome; Ketchum; Kimberly; Murtaugh; Richfield; Shoshone; Stanley; Sun Valley; Three Creek; Wendell,,,record,no
directories1161,Twin Falls,phone book,1990,1990-1991,Twin Falls; Bellevue; Bliss; Buhl; Carey; Castleford; Dietrich; Eden; Filer; Gooding; Hagerman; Hailey; Hansen; Hazelton; Hollister; Jerome; Ketchum; Kimberly; Murtaugh; Richfield; Shoshone; Stanley; Sun Valley; Three Creek; Wendell,,,record,no
directories1162,Twin Falls,phone book,1991,1991-1992,Twin Falls; Acequia; Albion; Almo; Bellevue; Bliss; Buhl; Burley; Carey; Castleford; Declo; Dietrich; Eden; Elba; Filer; Gannett; Gooding; Hagerman; Hailey; Hansen; Hazelton; Heyburn; Hollister; Jerome; Ketchum; Kimberly; Malta; Minidoka; Murtaugh; Norland; Oakley; Paul; Picabo; Raft River; Richfield; Rogerson; Rupert; Shoshone; Stanley; Sun Valley; Three Creek; Wendell,,,record,no
directories1163,Twin Falls,phone book,1992,1992-1993,Twin Falls; Acequia; Albion; Almo; Bellevue; Bliss; Buhl; Burley; Carey; Castleford; Declo; Dietrich; Eden; Elba; Filer; Gannett; Gooding; Hagerman; Hailey; Hansen; Hazelton; Heyburn; Hollister; Jerome; Ketchum; Kimberly; Malta; Minidoka; Murtaugh; Norland; Oakley; Paul; Picabo; Raft River; Richfield; Rogerson; Rupert; Shoshone; Stanley; Sun Valley; Three Creek; Wendell,,,record,no
directories1164,Twin Falls,phone book,1994,1994-1995,Twin Falls; Acequia; Albion; Almo; Bellevue; Bliss; Buhl; Burley; Carey; Castleford; Declo; Dietrich; Eden; Elba; Filer; Gannett; Gooding; Hagerman; Hailey; Hansen; Hazelton; Heyburn; Hollister; Jerome; Ketchum; Kimberly; Malta; Minidoka; Murtaugh; Norland; Oakley; Paul; Picabo; Raft River; Richfield; Rogerson; Rupert; Shoshone; Stanley; Sun Valley; Three Creek; Wendell,,,record,no
directories1165,Twin Falls,phone book,1995,1995-1996,Twin Falls; Acequia; Albion; Almo; Bellevue; Bliss; Buhl; Burley; Carey; Castleford; Declo; Dietrich; Eden; Elba; Filer; Gannett; Gooding; Hagerman; Hailey; Hansen; Hazelton; Heyburn; Hollister; Jerome; Ketchum; Kimberly; Malta; Minidoka; Murtaugh; Norland; Oakley; Paul; Picabo; Raft River; Richfield; Rogerson; Rupert; Shoshone; Stanley; Sun Valley; Three Creek; Wendell,,,record,no
directories1166,Twin Falls,phone book,1996,1996-1997,Twin Falls; Acequia; Albion; Almo; Bellevue; Bliss; Buhl; Burley; Carey; Castleford; Declo; Dietrich; Eden; Elba; Filer; Gannett; Gooding; Hagerman; Hailey; Hansen; Hazelton; Heyburn; Hollister; Jerome; Ketchum; Kimberly; Malta; Minidoka; Murtaugh; Norland; Oakley; Paul; Picabo; Raft River; Richfield; Rogerson; Rupert; Shoshone; Stanley; Sun Valley; Three Creek; Wendell,,,record,no
directories1167,Twin Falls,phone book,1998,1998-1999,Twin Falls; Acequia; Albion; Almo; Bellevue; Bliss; Buhl; Burley; Carey; Castleford; Declo; Dietrich; Eden; Elba; Filer; Gannett; Gooding; Hagerman; Hailey; Hansen; Hazelton; Heyburn; Hollister; Jerome; Ketchum; Kimberly; Malta; Minidoka; Murtaugh; Norland; Oakley; Paul; Picabo; Raft River; Richfield; Rogerson; Shoshone; Stanley; Sun Valley; Three Creek; Wendell,,,record,no
directories1168,Twin Falls,phone book,1999,1999-2000,Twin Falls; Acequia; Albion; Almo; Bellevue; Bliss; Buhl; Burley; Carey; Castleford; Declo; Dietrich; Eden; Elba; Fairfield; Filer; Gannett; Gooding; Hagerman; Hailey; Hansen; Hazelton; Heyburn; Hollister; Jerome; Ketchum; Kimberly; Malta; Minidoka; Murtaugh; Norland; Oakley; Paul; Picabo; Raft River; Richfield; Rogerson; Shoshone; Stanley; Sun Valley; Three Creek; Wendell,,,record,no
directories1169,Twin Falls,phone book,2000,2000-2001,Twin Falls; Acequia; Albion; Almo; Bellevue; Bliss; Buhl; Burley; Carey; Castleford; Declo; Dietrich; Eden; Elba; Fairfield; Filer; Gannett; Gooding; Hagerman; Hailey; Hansen; Hazelton; Heyburn; Hollister; Jerome; Ketchum; Kimberly; Malta; Minidoka; Murtaugh; Norland; Oakley; Paul; Picabo; Raft River; Richfield; Rogerson; Shoshone; Stanley; Sun Valley; Three Creek; Wendell,,,record,no
directories1170,Twin Falls,phone book,2001,2001-2002,Twin Falls; Acequia; Albion; Almo; Bellevue; Bliss; Buhl; Burley; Carey; Castleford; Declo; Dietrich; Eden; Elba; Fairfield; Filer; Gannett; Gooding; Hagerman; Hailey; Hansen; Hazelton; Heyburn; Hollister; Jerome; Ketchum; Kimberly; Malta; Minidoka; Murtaugh; Norland; Oakley; Paul; Picabo; Raft River; Richfield; Rogerson; Shoshone; Stanley; Sun Valley; Three Creek; Wendell,,,record,no
directories1171,Twin Falls,phone book,2002,2002-2003,Twin Falls; Acequia; Albion; Almo; Bellevue; Bliss; Buhl; Burley; Carey; Castleford; Declo; Dietrich; Eden; Elba; Fairfield; Filer; Gannett; Gooding; Hagerman; Hailey; Hansen; Hazelton; Heyburn; Hollister; Jerome; Ketchum; Kimberly; Malta; Minidoka; Murtaugh; Norland; Oakley; Paul; Picabo; Raft River; Richfield; Rogerson; Shoshone; Stanley; Sun Valley; Three Creek; Wendell,,,record,no
directories1172,Twin Falls,phone book,2004,2004-2005,Twin Falls; Acequia; Albion; Almo; Bellevue; Bliss; Buhl; Burley; Carey; Castleford; Declo; Dietrich; Eden; Elba; Fairfield; Filer; Gannett; Gooding; Hagerman; Hailey; Hansen; Hazelton; Heyburn; Hollister; Jerome; Ketchum; Kimberly; Malta; Minidoka; Murtaugh; Norland; Oakley; Paul; Picabo; Raft River; Richfield; Rogerson; Shoshone; Stanley; Sun Valley; Three Creek; Wendell,,,record,no
directories1173,Kootenai County,Polk,1905,1905,Coeur d'Alene; Harrison; Priest River; Rathdrum; Sandpoint; Bonners Ferry; Athol; Post Falls; Copeland; Cataldo; St. Maries; Greenacres; Medimont; Hope; Wrencoe; Colburn; Sagle; Laclede; Clark Fork; Mica; Bellgrove; Dudley; Iola; Hauser; Fernwood,Kootenai County; Shoshone County,,record,no
directories1174,Wallace,Polk,1908,1908,Wallace; Mullan; Wardner; Burke; Carson; Clarkia; Delta; Enaville; Gem; Kellogg; Kingston; Mace; Murray; Osburn; Black Bear,Shoshone County,,record,no
directories1175,Wallace,Polk,1910,1910-1911,Wallace; Mullan; Wardner; Burke; Carson; Clarkia; Delta; Enaville; Gem; Kellogg; Kingston; Mace; Murray; Osburn; Black Bear,Shoshone County,,record,no
directories1176,Jackson Hole,phone book,1994,1994-1995,Jackson Hole; Driggs; Felt; Tetonia; Tygee Valley,,,record,no
directories1177,Jackson Hole,phone book,1995,1995-1996,Jackson Hole; Driggs; Felt; Tetonia; Tygee Valley; Victor,,,record,no
directories1178,Interstate Utilities Company,phone book,1928,1928-1929,Coeur d'Alene; Priest River; Moscow; Orofino; Weippe; Wallace; Kellogg; Mullan; Sandpoint; Bonners Ferry; Troy; St. Maries; Harrison; Elk River; Worley; Plummer; Bovill; Post Falls; Spirit Lake; Rathdrum; Potlatch; Peck,,,record,no
directories1179,Interstate Utilities Company,phone book,1929,1929,Moscow; Potlatch; Elk River; Bovill; Orofino; Weippe; Peck; Sandpoint; Bonners Ferry; Rathdrum; Spirit Lake; Priest River; Troy; Coeur d'Alene; Post Falls; Wallace; Mullan; Kellogg; St. Maries; Harrison; Worley; Plummer,,,record,no
directories1180,Interstate Utilities Company,phone book,1930,1930,Moscow; Potlatch; Elk River; Bovill; Orofino; Weippe; Peck; Sandpoint; Bonners Ferry; Rathdrum; Spirit Lake; Priest River; Troy; Coeur d'Alene; Post Falls; Wallace; Mullan; Kellogg; St. Maries; Harrison; Worley; Plummer,,,record,no
directories1181,Latah County,Polk,1905,1905,Anderson; Avon; Collins; Cora; Crescent; Freese; Genesee; Ivy; Jansville; Juliaetta; Kendrick; Linden; Moscow; Nora; Park; Princeton; Taney; Troy; Viola; Ahsahka; Blake; Cameron; Cavendish; Chesley; Culdesac; Dent; Dublin; Fairburn; Fletcher; Forest; Fraser; Greer; Ilo; Kamiah; Kippen; Lapwai; Leland; Lenore; Lewiston; Melrose; Mohler; Myrtle; Nezperce; Orofino; Peck; Pierce; Rosetta; Russell; Slickpoo; Southwick; Spalding; Steele; Summit; Teakeman; Webb; Weippe; Willola; Winchester,Latah County; Nez Perce County,,record,no
directories1182,Latah County,Polk,1912,1912-1913,Lewiston; Moscow; Bovill; Culdesac; Deary; Elk River; Genesee; Gifford; Ilo; Kamiah; Kendrick; Lapwai; Nezperce; Orofino; Peck; Princeton; Reubens; Troy; Vollmer,Clearwater County; Latah County; Lewis County; Nez Perce County,,record,no
directories1183,Latah County,Polk,1913,1913-1914,Lewiston; Moscow; Bovill; Culdesac; Deary; Elk River; Genesee; Gifford; Ilo; Kamiah; Kendrick; Lapwai; Nezperce; Orofino; Peck; Princeton; Reubens; Troy; Vollmer,Clearwater County; Latah County; Lewis County; Nez Perce County,,record,no
directories1184,Moscow,phone book,1920,1920,Moscow;,,,record,no
directories1185,Latah County,Polk,1921,1921-1922,Genesee; Kendrick; Moscow; Troy,Latah County,,record,no
directories1186,Moscow,phone book,1921,1921,Moscow;,,,record,no
directories1187,Moscow,phone book,1922,1922,Moscow;,,,record,no
directories1188,Moscow,phone book,1923-06,1923-06,Moscow;,,,record,no
directories1189,Moscow,phone book,1923-12,1923-12,Moscow;,,,record,no
directories1190,Moscow,phone book,1924,1924,Moscow;,,,record,no
directories1191,Moscow,phone book,1925,1925,Moscow;,,,record,no
directories1192,Moscow,phone book,1926,1926,Moscow;,,,record,no
directories1193,Moscow,phone book,1926,1926,Moscow; Peck; Potlatch; Weippe; Greer; Orofno; Bovill; Elk River; Deary;,,,record,no
directories1194,Moscow,phone book,1926,1926,Moscow; Orofino; Peck; Weippe; Potlatch,,,record,no
directories1195,Moscow,phone book,1927,1927,Moscow; Bovill,,,record,no
directories1196,Moscow,phone book,1927,1927,Moscow;,,,record,no
directories1197,Moscow,phone book,1927,1927-1928,Moscow; Orofino; Potlatch; Peck; Bovill; Elk River; Weippe,,,record,no
directories1198,Moscow,phone book,1930-05,1930-05,Moscow; Potlatch; Bovill; Orofino; Weippe; Peck; Elk River,,,record,no
directories1199,Moscow,phone book,1930-11,1930-11,Moscow;,,,record,no
directories1200,Moscow,phone book,1931,1931,Moscow; Peck; Weippe; Bovill; Deary; Genesee; Potlatch; Elk River; Orofino,,,record,no
directories1201,Moscow,phone book,1932-05,1932-05,Moscow; Orofino; Elk River; Potlatch; Genesee; Deary; Bovill; Weippe; Peck,,,record,no
directories1202,Moscow,phone book,1932-11,1932-11,Moscow; Peck; Weippe; Bovill; Deary; Genesee; Potlatch; Elk River; Orofino,,,record,no
directories1203,Moscow,phone book,1933-05,1933-05,Moscow; Deary; Genesee; Potlatch; Orofino,,,record,no
directories1204,Moscow,phone book,1933-11,1933-11,Moscow; Orofino; Potlatch; Genesee; Deary,,,record,no
directories1205,Moscow,phone book,1934,1934,Moscow; Elk River; Bovill; Peck; Weippe; Deary; Genesee; Potlatch; Orofino,,,record,no
directories1206,Moscow,phone book,1935,1935,Moscow; Potlatch; Elk River; Weippe; Orofino; Deary; Bovill; Peck; Genesee,,,record,no
directories1207,Moscow,phone book,1936,1936,Moscow; Genesee; Potlatch,,,record,no
directories1208,Moscow,phone book,1937-05,1937-05,Moscow; Potlatch; Genesee; Bovill; Deary; Elk River,,,record,no
directories1209,Moscow,phone book,1937-11,1937-11,Moscow; Potlatch; Genesee; Bovill; Deary; Elk River,,,record,no
directories1210,Moscow,phone book,1938-05,1938-05,Moscow; Potlatch; Genesee; Bovill; Deary; Elk River,,,record,no
directories1211,Moscow,phone book,1938-11,1938-11,Moscow; Potlatch; Genesee; Bovill; Deary; Elk River,,,record,no
directories1212,Moscow,phone book,1939-05,1939-05,Moscow; Potlatch; Genesee; Bovill; Deary; Elk River,,,record,no
directories1213,Moscow,phone book,1939-11,1939-11,Moscow; Potlatch; Genesee; Bovill; Deary; Elk River,,,record,no
directories1214,Moscow,phone book,1940,1940,Moscow; Potlatch; Genesee; Bovill; Deary,,,record,no
directories1215,Moscow,phone book,1941-05,1941-05,Moscow; Potlatch; Genesee; Bovill; Deary,,,record,no
directories1216,Moscow,phone book,1941-11,1941-11,Moscow; Potlatch; Genesee; Bovill; Deary,,,record,no
directories1217,Moscow,phone book,1942-05,1942-05,Moscow; Potlatch; Genesee; Bovill; Deary,,,record,no
directories1218,Moscow,phone book,1942-11,1942-11,Moscow; Potlatch; Genesee; Bovill; Deary,,,record,no
directories1219,Moscow,phone book,1943,1943,Moscow; Potlatch; Genesee; Bovill; Deary,,,record,no
directories1220,Moscow,phone book,1944,1944,Moscow; Potlatch; Genesee; Bovill; Deary,,,record,no
directories1221,Moscow,phone book,1945,1945,Moscow; Potlatch; Genesee; Bovill; Deary,,,record,no
directories1222,Moscow,phone book,1946,1946,Moscow; Potlatch; Genesee; Bovill; Deary,,,record,no
directories1223,Moscow,phone book,1947,1947,Moscow; Potlatch; Genesee; Bovill; Deary,,,record,no
directories1224,Moscow,phone book,1948,1948,Moscow; Potlatch; Genesee; Bovill; Deary,,,record,no
directories1225,Moscow,phone book,1949,1949,Moscow; Potlatch; Genesee; Bovill; Deary,,,record,no
directories1226,Moscow,phone book,1950-09,1950-09,Moscow;,,,record,no
directories1227,Moscow,phone book,1950-11,1950-11,Moscow; Potlatch; Genesee; Bovill; Deary; Elk River; Avon; Southwick; Kendrick; Troy; Princeton; Harvard; Onaway; Viola,,,record,no
directories1228,Moscow,phone book,1951,1951,Moscow; Potlatch; Genesee; Bovill; Deary; Elk River; Avon; Southwick; Kendrick; Troy; Princeton; Harvard; Onaway; Viola,,,record,no
directories1229,Moscow,phone book,1952,1952,Moscow; Potlatch; Genesee; Bovill; Deary; Elk River; Avon; Southwick; Kendrick; Troy; Princeton; Harvard; Onaway; Viola,,,record,no
directories1230,Moscow,phone book,1953,1953,Moscow; Potlatch; Genesee; Bovill; Deary; Elk River; Avon; Southwick; Kendrick; Troy; Princeton; Harvard; Onaway; Viola,,,record,no
directories1231,Moscow,phone book,1954,1954,Moscow; Potlatch; Genesee; Bovill; Deary; Elk River; Avon; Southwick; Kendrick; Troy; Princeton; Harvard; Onaway; Viola,,,record,no
directories1232,Moscow,phone book,1955,1955,Moscow; Potlatch; Genesee; Bovill; Deary; Elk River; Avon; Southwick; Kendrick; Troy; Princeton; Harvard; Onaway; Viola,,,record,no
directories1233,Moscow,phone book,1956,1956,Moscow; Potlatch; Genesee; Bovill; Deary; Elk River; Avon; Southwick; Kendrick; Troy; Princeton; Harvard; Onaway; Viola,,,record,no
directories1234,Moscow,Polk,1957,1957,Moscow;,,,record,no
directories1235,Moscow,phone book,1957,1957,Moscow; Potlatch; Genesee; Bovill; Deary; Elk River; Avon; Southwick; Kendrick; Troy; Princeton; Harvard; Onaway; Viola,,,record,no
directories1236,Moscow,phone book,1958,1958,Moscow; Potlatch; Genesee; Bovill; Deary; Elk River; Avon; Southwick; Kendrick; Troy; Princeton; Harvard; Onaway; Viola,,,record,no
directories1237,Moscow,phone book,1959,1959,Moscow; Potlatch; Genesee; Bovill; Deary; Elk River; Avon; Southwick; Kendrick; Troy; Princeton; Harvard; Onaway; Viola,,,record,no
directories1238,Moscow,Polk,1959,1959,Moscow;,,,record,no
directories1239,Moscow,Polk,1960,1960,Moscow;,,,record,no
directories1240,Moscow,phone book,1960,1960,Moscow; Potlatch; Genesee; Bovill; Deary; Elk River; Avon; Southwick; Kendrick; Troy; Princeton; Harvard; Onaway; Viola,,,record,no
directories1241,Moscow,phone book,1961,1961,Moscow; Potlatch; Genesee; Bovill; Deary; Elk River; Avon; Southwick; Kendrick; Troy; Princeton; Harvard; Onaway; Viola,,,record,no
directories1242,Moscow,phone book,1962,1962,Moscow; Potlatch; Genesee; Bovill; Deary; Elk River; Avon; Southwick; Kendrick; Troy; Princeton; Harvard; Onaway; Viola,,,record,no
directories1243,Moscow,Polk,1962,1962,Moscow;,,,record,no
directories1244,Moscow,phone book,1963,1963,Moscow; Deary; Bovill; Elk River; Genesee; Potlatch,,,record,no
directories1245,Moscow,Polk,1964,1964,Moscow;,,,record,no
directories1246,Moscow,phone book,1964,1964,Moscow; Deary; Bovill; Elk River; Genesee; Potlatch,,,record,no
directories1247,Moscow,phone book,1965,1965,Moscow; Deary; Bovill; Elk River; Genesee; Potlatch,,,record,no
directories1248,Moscow,Polk,1966,1966,Moscow;,,,record,no
directories1249,Moscow,phone book,1966-12,1966-12,Moscow; Deary; Bovill; Elk River; Genesee; Potlatch,,,record,no
directories1250,Moscow,phone book,1966-10,1966-10,Moscow;,,,record,no
directories1251,Moscow,Polk,1967,1967,Moscow;,,,record,no
directories1252,Moscow,phone book,1967,1967,Moscow; Deary; Bovill; Elk River; Genesee; Potlatch,,,record,no
directories1253,Moscow,phone book,1968,1968,Moscow; Deary; Bovill; Elk River; Genesee; Potlatch,,,record,no
directories1254,Moscow,Polk,1969,1969,Moscow;,,,record,no
directories1255,Moscow,phone book,1969,1969,Moscow; Deary; Bovill; Elk River; Genesee; Potlatch,,,record,no
directories1256,Moscow,phone book,1970,1970,Moscow; Avon; Bovill; Deary; Elk River; Genesee; Harvard; Helmer; Joel; Onaway; Potlatch; Princeton; Viola,,,record,no
directories1257,Moscow,Polk,1971,1971,Moscow;,,,record,no
directories1258,Moscow,Polk,1972,1972,Moscow;,,,record,no
directories1259,Moscow,phone book,1972,1972,Moscow; Avon; Bovill; Deary; Elk River; Genesee; Harvard; Helmer; Joel; Onaway; Potlatch; Princeton; Viola,,,record,no
directories1260,Moscow,phone book,1972,1972,Moscow; Avon; Bovill; Deary; Elk River; Genesee; Harvard; Helmer; Joel; Onaway; Potlatch; Princeton; Viola,,,record,no
directories1261,Moscow,Polk,1973,1973,Moscow;,,,record,no
directories1262,Moscow,phone book,1973,1973,Moscow; Avon; Bovill; Deary; Elk River; Genesee; Harvard; Helmer; Joel; Onaway; Potlatch; Princeton; Viola,,,record,no
directories1263,Moscow,Polk,1974,1974,Moscow;,,,record,no
directories1264,Moscow,phone book,1974,1974,Moscow; Avon; Bovill; Deary; Elk River; Genesee; Harvard; Helmer; Joel; Onaway; Potlatch; Princeton; Viola,,,record,no
directories1265,Moscow,Polk,1975,1975,Moscow;,,,record,no
directories1266,Moscow,phone book,1976,1976,Moscow; Avon; Bovill; Deary; Elk River; Genesee; Harvard; Helmer; Joel; Onaway; Potlatch; Princeton; Viola,,,record,no
directories1267,Moscow,Polk,1976,1976,Moscow;,,,record,no
directories1268,Moscow,phone book,1975,1975,Moscow; Avon; Bovill; Deary; Elk River; Genesee; Harvard; Helmer; Joel; Onaway; Potlatch; Princeton; Viola,,,record,no
directories1269,Moscow,Polk,1977,1977,Moscow;,,,record,no
directories1270,Moscow,phone book,1977,1977,Moscow; Avon; Bovill; Deary; Elk River; Genesee; Harvard; Helmer; Joel; Onaway; Potlatch; Princeton; Viola,,,record,no
directories1271,Moscow,phone book,1977,1977-1978,Moscow; Bovill; Deary; Elk River; Genesee; Juliaetta; Kendrick; Potlatch; Troy,,,record,no
directories1272,Moscow,Polk,1978,1978,Moscow;,,,record,no
directories1273,Moscow,phone book,1978,1978,Moscow; Avon; Bovill; Deary; Elk River; Genesee; Harvard; Helmer; Joel; Onaway; Potlatch; Princeton; Viola,,,record,no
directories1274,Moscow,phone book,1978,1978-1979,Moscow; Bovill; Deary; Elk River; Genesee; Juliaetta; Kendrick; Potlatch; Troy,,,record,no
directories1275,Moscow,Polk,1979,1979,Moscow;,,,record,no
directories1276,Moscow,phone book,1979,1979,Moscow; Avon; Bovill; Deary; Elk River; Genesee; Harvard; Helmer; Joel; Onaway; Potlatch; Princeton; Viola,,,record,no
directories1277,Moscow,Polk,1980,1980,Moscow;,,,record,no
directories1278,Moscow,phone book,1980,1980,Moscow; Bovill; Deary; Elk River; Genesee; Harvard; Potlatch; Princeton; Viola,,,record,no
directories1279,Moscow,phone book,1980,1980,Moscow; Avon; Bovill; Deary; Elk River; Genesee; Harvard; Helmer; Joel; Onaway; Potlatch; Princeton; Viola,,,record,no
directories1280,Moscow,phone book,1981,1981-1982,Moscow; Avon; Bovill; Deary; Elk River; Genesee; Harvard; Helmer; Joel; Onaway; Potlatch; Princeton; Viola,,,record,no
directories1281,Moscow,phone book,1982,1982-1983,Moscow; Avon; Bovill; Deary; Elk River; Genesee; Harvard; Helmer; Joel; Onaway; Potlatch; Princeton; Viola,,,record,no
directories1282,Moscow,Polk,1983,1983,Moscow;,,,record,no
directories1283,Moscow,phone book,1983,1983-1984,Moscow; Avon; Bovill; Deary; Elk River; Genesee; Harvard; Helmer; Joel; Onaway; Potlatch; Princeton; Viola,,,record,no
directories1284,Moscow,Polk,1985,1985,Moscow;,,,record,no
directories1285,Moscow,phone book,1985,1985,Moscow; Bovill; Deary; Elk River; Genesee; Gifford; Kendrick; Lenore; Potlatch; Troy; Fairfield; Juliaetta; Rockford; Rosalia,,,record,no
directories1286,Moscow,phone book,1985,1985-1986,Moscow; Bovill; Deary; Elk River; Genesee; Gifford; Harvard; Juliaetta; Kendrick; Lenore; Potlatch; Princeton; Troy,,,record,no
directories1287,Moscow,phone book,1986,1986,Moscow; Bovill; Deary; Elk River; Genesee; Gifford; Kendrick; Lenore; Potlatch; Troy; Fairfield; Juliaetta; Rockford; Rosalia,,,record,no
directories1288,Moscow,phone book,1986,1986-1987,Moscow; Bovill; Deary; Elk River; Genesee; Gifford; Harvard; Juliaetta; Kendrick; Lenore; Potlatch; Princeton; Troy,,,record,no
directories1289,Moscow,phone book,1987,1987-1988,Moscow; Bovill; Deary; Elk River; Genesee; Gifford; Harvard; Juliaetta; Kendrick; Lenore; Potlatch; Princeton; Troy,,,record,no
directories1290,Moscow,phone book,1988,1988-1989,Moscow; Bovill; Elk River; Genesee; Harvard; Moscow; Potlatch; Princeton; Gifford; Juliaetta; Kendrick; Lenore; Troy,,,record,no
directories1291,Moscow,phone book,1988,1988-1989,Moscow; Bovill; Elk River; Deary; Genesee; Potlatch; Troy; Lewiston; Cottonwood; Ferdinand; Craigmont; Reubens; Winchester; Grangeville; Kamiah; Kooskia; Stites; Lapwai; Culdesac; Nezperce,,,record,no
directories1292,Moscow,phone book,1989,1989-1990,Moscow; Bovill; Elk River; Deary; Genesee; Juliaetta; Kendrick; Potlatch; Troy; Cottonwood; Lewiston; Craigmont; Culdesac; Ferdinand; Grangeville; Greer; Headquarters; Harpster; Kamiah; Keuterville; Kooskia; Lapwai; Lenore; Nezperce; Orofino; Pierce; Reubens; Stites; Weippe; Winchester,,,record,no
directories1293,Moscow,phone book,1989,1989-1990,Moscow; Avon; Bovill; Deary; Elk River; Genesee; Harvard; Helmer; Joel; Leon; Onaway; Potlatch; Princeton; Viola; Gifford; Juliaetta; Kendrick; Lenore; Troy,,,record,no
directories1294,Moscow,phone book,1990,1990-1991,Moscow; Avon; Bovill; Deary; Elk River; Genesee; Harvard; Helmer; Joel; Leon; Onaway; Potlatch; Princeton; Viola; Gifford; Juliaetta; Kendrick; Lenore; Troy,,,record,no
directories1295,Moscow,phone book,1990,1990-1991,Moscow; Lewiston; Cottonwood; Ferdinand; Craigmont; Reubens; Winchester; Grangeville; Kamiah; Kooskia; Lapwai; Lenore; Nezperce; Orofino; Juliaetta; Kendrick; Troy,,,record,no
directories1296,Moscow,phone book,1991,1991-1992,Moscow; Avon; Bovill; Deary; Elk River; Genesee; Harvard; Helmer; Joel; Leon; Onaway; Potlatch; Princeton; Viola; Gifford; Juliaetta; Kendrick; Lenore; Lewiston;Troy,,,record,no
directories1297,Moscow,phone book,1991,1991-1992,Moscow; Lewiston; Cottonwood; Ferdinand; Craigmont; Reubens; Winchester; Grangeville; Kamiah; Kooskia; Lapwai; Lenore; Nezperce; Orofino; Juliaetta; Kendrick; Troy,,,record,no
directories1298,Moscow,phone book,1992,1992,Moscow; Avon; Bovill; Deary; Elk River; Genesee; Harvard; Helmer; Joel; Leon; Onaway; Potlatch; Princeton; Viola; Gifford; Juliaetta; Kendrick; Lenore; Lewiston;Troy,,,record,no
directories1299,Moscow,phone book,1992,1992-1993,Moscow; Lewiston; Cottonwood; Ferdinand; Craigmont; Reubens; Winchester; Grangeville; Kamiah; Kooskia; Lapwai; Lenore; Nezperce; Orofino; Juliaetta; Kendrick; Troy,,,record,no
directories1300,Moscow,phone book,1993,1993-1994,Moscow; Lewiston; Cottonwood; Ferdinand; Craigmont; Reubens; Winchester; Grangeville; Kamiah; Kooskia; Lapwai; Lenore; Nezperce; Orofino; Juliaetta; Kendrick; Troy,,,record,no
directories1301,Moscow,phone book,1993,1993,Moscow; Avon; Bovill; Deary; Elk River; Genesee; Harvard; Helmer; Joel; Leon; Onaway; Potlatch; Princeton; Viola; Gifford; Juliaetta; Kendrick; Lenore; Lewiston;Troy,,,record,no
directories1302,Moscow,phone book,1994,1994-1995,Moscow; Lewiston; Cottonwood; Ferdinand; Craigmont; Reubens; Winchester; Grangeville; Kamiah; Kooskia; Lapwai; Lenore; Nezperce; Orofino; Juliaetta; Kendrick; Troy,,,record,no
directories1303,Moscow,phone book,1994,1994,Moscow; Avon; Bovill; Deary; Elk River; Genesee; Harvard; Helmer; Joel; Leon; Onaway; Potlatch; Princeton; Viola; Gifford; Juliaetta; Kendrick; Lenore; Lewiston;Troy,,,record,no
directories1304,Moscow,phone book,1995,1995-1996,Moscow; Lewiston; Cottonwood; Ferdinand; Keuterville; Craigmont; Reubens; Winchester; Elk City; Grangeville; Fenn; Kamiah; Kooskia; Stites; Lapwai; Culdesac; Lenore; Nezperce; Orofino; Weippe; Pierce; Ahsahka; Peck; Riggins; White Bird; Juliaetta; Kendrick; Troy; Leon,,,record,no
directories1305,Moscow,phone book,1995,1995-1996,Moscow; Avon; Bovill; Deary; Elk River; Genesee; Harvard; Helmer; Joel; Leon; Onaway; Potlatch; Princeton; Viola; Gifford; Juliaetta; Kendrick; Lenore; Lewiston;Troy,,,record,no
directories1306,Moscow,phone book,1996,1996-1997,Moscow; Ahsahka; Avon; Bovill; Cavendish; Cottonwood; Craigmont; Culdesac; Deary; Elk City; Elk River; Fenn; Ferdinand; Genesee; Golden; Grangemont; Grangeville; Greencreek; Greer; Harpster; Harvard; Headquarters; Helmer; Joel; Juliaetta; Kamiah; Kendrick; Keuterville; Kooskia; Lapwai; Lenore; Leon; Lewiston; Lowell; Mohler; Mt. Idaho; Nezperce; Onaway; Orofino; Pataha; Peck; Pierce; Potlatch; Princeton; Reubens; Riggins; Stites; Troy; Viola; Weippe; White Bird; Winchester; Woodland,,,record,no
directories1307,Moscow,phone book,1996,1996-1997,Moscow; Bovill; Deary; Elk River; Genesee; Harvard; Potlatch; Princeton; Gifford; Juliaetta; Kendrick; Lenore; Lewiston; Troy,,,record,no
directories1308,Moscow,phone book,1997,1997-1998,Moscow; Ahsahka; Avon; Bovill; Cavendish; Cottonwood; Craigmont; Culdesac; Deary; Elk City; Elk River; Fenn; Ferdinand; Genesee; Golden; Grangemont; Grangeville; Greencreek; Greer; Harpster; Harvard; Headquarters; Helmer; Joel; Juliaetta; Kamiah; Kendrick; Keuterville; Kooskia; Lapwai; Lenore; Leon; Lewiston; Lowell; Mohler; Mt. Idaho; Nezperce; Onaway; Orofino; Pataha; Peck; Pierce; Potlatch; Princeton; Reubens; Riggins; Stites; Troy; Viola; Weippe; White Bird; Winchester; Woodland,,,record,no
directories1309,Moscow,phone book,1997,1997-1998,Moscow; Bovill; Deary; Elk River; Genesee; Harvard; Potlatch; Princeton; Gifford; Juliaetta; Kendrick; Lenore; Lewiston; Troy,,,record,no
directories1310,Moscow,phone book,1998,1998-1999,Moscow; Bovill; Deary; Elk River; Genesee; Harvard; Potlatch; Princeton; Gifford; Juliaetta; Kendrick; Lenore; Lewiston; Troy,,,record,no
directories1311,Moscow,phone book,1998,1998-1999,Moscow; Ahsahka; Avon; Bovill; Cavendish; Cottonwood; Craigmont; Culdesac; Deary; Elk City; Elk River; Fenn; Ferdinand; Genesee; Golden; Grangemont; Grangeville; Greencreek; Greer; Harpster; Harvard; Headquarters; Helmer; Joel; Juliaetta; Kamiah; Kendrick; Keuterville; Kooskia; Lapwai; Lenore; Leon; Lewiston; Lowell; Mohler; Mt. Idaho; Nezperce; Onaway; Orofino; Pataha; Peck; Pierce; Potlatch; Princeton; Reubens; Riggins; Stites; Troy; Viola; Weippe; White Bird; Winchester; Woodland,,,record,no
directories1312,Moscow,phone book,1999,1999-2000,Moscow; Ahsahka; Avon; Bovill; Cavendish; Cottonwood; Craigmont; Culdesac; Deary; Elk City; Elk River; Fenn; Ferdinand; Genesee; Golden; Grangemont; Grangeville; Greencreek; Greer; Harpster; Harvard; Headquarters; Helmer; Joel; Juliaetta; Kamiah; Kendrick; Keuterville; Kooskia; Lapwai; Lenore; Leon; Lewiston; Lowell; Mohler; Mt. Idaho; Nezperce; Onaway; Orofino; Pataha; Peck; Pierce; Potlatch; Princeton; Reubens; Riggins; Stites; Troy; Viola; Weippe; White Bird; Winchester; Woodland,,,record,no
directories1313,Moscow,phone book,1999,1999-2000,Moscow; Gifford; Juliaetta; Kendrick; Lenore; Lewiston; Troy; Bovill; Deary; Elk River; Genesee; Harvard; Potlatch; Princeton,,,record,no
directories1314,Moscow,Polk,2000,2000,Moscow;,,,record,no
directories1315,Moscow,phone book,2000,2000,Moscow; Gifford; Juliaetta; Kendrick; Lenore; Lewiston; Troy; Bovill; Deary; Elk River; Genesee; Harvard; Potlatch; Princeton,,,record,no
directories1316,Moscow,phone book,2000,2000-2001,Moscow; Lewiston; Orofino; Grangeville; Ahsahka; Bovill; Cavendish; Cottonwood; Craigmont; Culdesac; Deary; Elk City; Elk River; Fenn; Ferdinand; Garrison; Genesee; Golden; Grangemont; Greencreek; Greer; Harpster; Harvard; Headquarters; Helmer; Joel; Juliaetta; Kendrick; Kamiah; Keuterville; Kooskia; Lapwai; Lenore; Leon; Lowell; Mohler; Mt. Idaho; Nezperce; Onaway; Pataha; Peck; Pierce; Potlatch; Princeton; Reubens; Riggins; Rosalia; Stites; Sweetwater; Troy; Viola; Weippe; White Bird; Winchester; Woodland,,,record,no
directories1317,Moscow,Polk,2001,2001,Moscow;,,,record,no
directories1318,Moscow,phone book,2001,2001-2002,Moscow; Bovill; Cavendish; Deary; Elk River; Garrison; Genesee; Harvard; Helmer; Juliaetta; Kendrick; Leon; Onaway; Potlatch; Princeton; Southwick; Troy; Viola,,,record,no
directories1319,Moscow,phone book,2001,2001-2002,Moscow; Lewiston; Orofino; Grangeville; Ahsahka; Bovill; Cavendish; Cottonwood; Craigmont; Culdesac; Deary; Elk City; Elk River; Fenn; Ferdinand; Garrison; Genesee; Golden; Grangemont; Greencreek; Greer; Harpster; Harvard; Headquarters; Helmer; Joel; Juliaetta; Kendrick; Kamiah; Keuterville; Kooskia; Lapwai; Lenore; Leon; Lowell; Mohler; Mt. Idaho; Nezperce; Onaway; Pataha; Peck; Pierce; Potlatch; Princeton; Reubens; Riggins; Rosalia; Stites; Sweetwater; Troy; Viola; Weippe; White Bird; Winchester; Woodland,,,record,no
directories1320,Moscow,phone book,2001,2001,Moscow; Bovill; Deary; Elk River; Genesee; Harvard; Potlatch; Princeton; Gifford; Juliaetta; Kendrick; Lenore; Lewiston; Troy,,,record,no
directories1321,Moscow,phone book,2002,2002-2003,Moscow; Bovill; Cavendish; Deary; Elk River; Garrison; Genesee; Harvard; Helmer; Juliaetta; Kendrick; Leon; Onaway; Potlatch; Princeton; Southwick; Troy; Viola,,,record,no
directories1322,Moscow,phone book,2002,2002,Moscow; Bovill; Deary; Elk River; Genesee; Harvard; Potlatch; Princeton; Gifford; Juliaetta; Kendrick; Lenore; Lewiston; Troy,,,record,no
directories1323,Moscow,phone book,2002,2002-2003,Moscow; Lewiston; Orofino; Grangeville; Ahsahka; Bovill; Cavendish; Cottonwood; Craigmont; Culdesac; Deary; Elk City; Elk River; Fenn; Ferdinand; Garrison; Genesee; Golden; Grangemont; Greencreek; Greer; Harpster; Harvard; Headquarters; Helmer; Joel; Juliaetta; Kendrick; Kamiah; Keuterville; Kooskia; Lapwai; Lenore; Leon; Lowell; Mohler; Mt. Idaho; Nezperce; Onaway; Pataha; Peck; Pierce; Potlatch; Princeton; Reubens; Riggins; Rosalia; Stites; Sweetwater; Troy; Viola; Weippe; White Bird; Winchester; Woodland,,,record,no
directories1324,Moscow,phone book,2002,2002-2003,Moscow; Cottonwood; Craigmont; Culdesac; Genesee; Grangeville; Kamiah; Kooskia; Lapwai; Lenore; Lewiston; Nezperce; Orofino; Stites; Winchester,,,record,no
directories1325,Moscow,phone book,2003,2003-2004,Moscow; Bovill; Deary; Elk River; Genesee; Harvard; Potlatch; Princeton; Gifford; Juliaetta; Kendrick; Lenore; Lewiston; Troy,,,record,no
directories1326,Moscow,phone book,2003,2003-2004,Moscow; Lewiston; Orofino; Grangeville; Ahsahka; Bovill; Cavendish; Cottonwood; Craigmont; Culdesac; Deary; Elk City; Elk River; Fenn; Ferdinand; Garrison; Genesee; Golden; Grangemont; Greencreek; Greer; Harpster; Harvard; Headquarters; Helmer; Joel; Juliaetta; Kendrick; Kamiah; Keuterville; Kooskia; Lapwai; Lenore; Leon; Lowell; Mohler; Mt. Idaho; Nezperce; Onaway; Pataha; Peck; Pierce; Potlatch; Princeton; Reubens; Riggins; Rosalia; Stites; Sweetwater; Troy; Viola; Weippe; White Bird; Winchester; Woodland,,,record,no
directories1327,Moscow,phone book,2003,2003-2004,Moscow; Bovill; Cavendish; Deary; Elk River; Garrison; Genesee; Harvard; Helmer; Juliaetta; Kendrick; Leon; Onaway; Potlatch; Princeton; Southwick; Troy; Viola,,,record,no
directories1328,Moscow,phone book,2004,2004-2005,Moscow; Bovill; Cavendish; Deary; Elk River; Garrison; Genesee; Harvard; Helmer; Juliaetta; Kendrick; Leon; Onaway; Potlatch; Princeton; Southwick; Troy; Viola,,,record,no
directories1329,Moscow,phone book,2005,2005,Moscow; Bovill; Deary; Elk River; Genesee; Gifford; Harvard; Juliaetta; Kendrick; Lenore; Lewiston; Potlatch; Princeton; Troy; Avon; Joel; Helmer; Onaway; Viola,,,record,no
directories1330,Moscow,phone book,2007,2007-2008,Moscow; Lewiston; Orofino; Grangeville; Ahsahka; Bovill; Cavendish; Cottonwood; Craigmont; Culdesac; Deary; Elk City; Elk River; Fenn; Ferdinand; Garrison; Genesee; Golden; Grangemont; Greencreek; Greer; Harpster; Harvard; Headquarters; Helmer; Joel; Juliaetta; Kendrick; Kamiah; Keuterville; Kooskia; Lapwai; Lenore; Leon; Lowell; Mohler; Mt. Idaho; Nezperce; Onaway; Pataha; Peck; Pierce; Potlatch; Princeton; Reubens; Riggins; Rosalia; Stites; Sweetwater; Troy; Viola; Weippe; White Bird; Winchester; Woodland,,,record,no
directories1331,Moscow,phone book,2008,2008,Moscow; Bovill; Deary; Elk River; Genesee; Gifford; Harvard; Juliaetta; Kendrick; Lenore; Lewiston; Potlatch; Princeton; Troy; Avon; Joel; Helmer; Onaway; Viola,,,record,no
directories1332,Moscow,phone book,2008,2008,Moscow; Cavendish; Deary; Elk River; Genesee; Harvard; Juliaetta; Kendrick; Potlatch; Troy,,,record,no
directories1333,Moscow,phone book,2008,2008-2009,Moscow; Lewiston; Orofino; Grangeville; Ahsahka; Bovill; Cavendish; Cottonwood; Craigmont; Culdesac; Deary; Elk City; Elk River; Fenn; Ferdinand; Garrison; Genesee; Golden; Grangemont; Greencreek; Greer; Harpster; Harvard; Headquarters; Helmer; Joel; Juliaetta; Kendrick; Kamiah; Keuterville; Kooskia; Lapwai; Lenore; Leon; Lowell; Mohler; Mt. Idaho; Nezperce; Onaway; Pataha; Peck; Pierce; Potlatch; Princeton; Reubens; Riggins; Rosalia; Stites; Sweetwater; Troy; Viola; Weippe; White Bird; Winchester; Woodland,,,record,no
directories1334,Moscow,phone book,2009,2009,Moscow; Cavendish; Deary; Elk River; Genesee; Harvard; Juliaetta; Kendrick; Potlatch; Troy,,,record,no
directories1335,Moscow,phone book,2009,2009,Moscow; Cavendish; Deary; Elk River; Genesee; Harvard; Juliaetta; Kendrick; Potlatch; Troy,,,record,no
directories1336,Moscow,phone book,2009,2009-2010,Moscow; Lewiston; Orofino; Grangeville; Ahsahka; Bovill; Cavendish; Cottonwood; Craigmont; Culdesac; Deary; Elk City; Elk River; Fenn; Ferdinand; Garrison; Genesee; Golden; Grangemont; Greencreek; Greer; Harpster; Harvard; Headquarters; Helmer; Joel; Juliaetta; Kendrick; Kamiah; Keuterville; Kooskia; Lapwai; Lenore; Leon; Lowell; Mohler; Mt. Idaho; Nezperce; Onaway; Pataha; Peck; Pierce; Potlatch; Princeton; Reubens; Riggins; Rosalia; Stites; Sweetwater; Troy; Viola; Weippe; White Bird; Winchester; Woodland,,,record,no
directories1337,Moscow,phone book,2010,2010-2011,Moscow; Bovill; Deary; Elk River; Genesee; Gifford; Harvard; Juliaetta; Kendrick; Lenore; Lewiston; Potlatch; Princeton; Troy,,,record,no
directories1338,Moscow,phone book,2011,2011-2012,Moscow; Bovill; Deary; Elk River; Genesee; Gifford; Harvard; Juliaetta; Kendrick; Lenore; Lewiston; Potlatch; Princeton; Troy,,,record,no
directories1339,Moscow,phone book,2012,2012-2013,Moscow; Bovill; Deary; Elk River; Genesee; Gifford; Harvard; Juliaetta; Kendrick; Lenore; Lewiston; Potlatch; Princeton; Troy,,,record,no
directories1340,Moscow,phone book,2013,2013-2014,Moscow; Bovill; Deary; Elk River; Genesee; Gifford; Harvard; Juliaetta; Kendrick; Lenore; Lewiston; Potlatch; Princeton; Troy,,,record,no
directories1341,Moscow,phone book,2013,2013-2014,Moscow; Lewiston; Orofino; Grangeville; Ahsahka; Bovill; Cavendish; Cottonwood; Craigmont; Culdesac; Deary; Elk City; Elk River; Fenn; Ferdinand; Garrison; Genesee; Golden; Grangemont; Greencreek; Greer; Harpster; Harvard; Headquarters; Helmer; Joel; Juliaetta; Kendrick; Kamiah; Keuterville; Kooskia; Lapwai; Lenore; Leon; Lowell; Mohler; Mt. Idaho; Nezperce; Onaway; Pataha; Peck; Pierce; Potlatch; Princeton; Reubens; Riggins; Rosalia; Stites; Sweetwater; Troy; Viola; Weippe; White Bird; Winchester; Woodland,,,record,no
directories1342,Moscow,phone book,2014,2014,Moscow; Cavendish; Deary; Elk River; Genesee; Harvard; Juliaetta; Kendrick; Potlatch; Troy,,,record,no
directories1343,Moscow,phone book,2017,2017,Moscow; Cavendish; Deary; Elk River; Genesee; Harvard; Juliaetta; Kendrick; Potlatch; Troy,,,record,no
directories1344,Moscow,phone book,2017,2017-2018,Moscow; Lewiston; Orofino; Grangeville; Ahsahka; Bovill; Cavendish; Cottonwood; Craigmont; Culdesac; Deary; Elk City; Elk River; Fenn; Ferdinand; Garrison; Genesee; Golden; Grangemont; Greencreek; Greer; Harpster; Harvard; Headquarters; Helmer; Joel; Juliaetta; Kendrick; Kamiah; Keuterville; Kooskia; Lapwai; Lenore; Leon; Lowell; Mohler; Mt. Idaho; Nezperce; Onaway; Pataha; Peck; Pierce; Potlatch; Princeton; Reubens; Riggins; Rosalia; Stites; Sweetwater; Troy; Viola; Weippe; White Bird; Winchester; Woodland,,,record,no
directories1345,Moscow,phone book,2020,2020,Moscow; Orofino,,,record,no
directories1346,Moscow,phone book,2021,2021,Moscow; Orofino,,,record,no
directories1347,Moscow,phone book,2022,2022-2023,Moscow; Grangeville; Lewiston; Orofino; Cottonwood; Craigmont; Culdesac; Deary; Genesee; Greer; Juliaetta; Kamiah; Kendrick; Keuterville; Kooskia; Lapwai; Nezperce; Peck; Pierce; Potlatch; Riggins; Rockford; Rosalia; Troy; Weippe; White Bird; Winchester,,,record,no
directories1348,"Oregon, Washington and Idaho Gazetteer and Business Directory",Polk,1886,1886-1887,Albion; Almo; American Falls; Atlanta; Bannister; Basin; Battle Creek; Bayhorse; Beaver; Bellevue; Blackfoot; Blaine; Bloomington; Boise; Bonanza City; Broadford; Bruneau; Bullion; Caldwell; Camas; Cameron; Castle Creek; Centreville; Challis; Clayton; Clifton; Coeur d'Alene; Corder; Cottonwood; Council; Crichton; Custer; Delta; Eagle; Eagle Rock; Egin; Elba; Emmett; Fairview; Falk's Store; Fish Haven; Franklin; Freedom; Galena; Genesee; Gentile Valley; Georgetown; Gibbonsville; Gilman; Grangeville; Hailey; Hope; Indian Valley; Jerusalem; Jessie; Juliaetta; Junction; Ketchum; Kingston; Kootenai; Lapham; Leona; Lewiston; Liberty; Littlefield; Malad City; Malta; Market Lake; Martin; Meadows; Middleton; Middle Valley; Milo; Minera; Mink Creek; Montpelier; Moscow; Mountain Home; Mt. Idaho; Muldoon; Murray; Myrtle; Nichola; Oakley; Oneida; Ovid; Oxford; Paris; Payette; Pend d'Oreille; Placerville; Pocatello; Preston; Quartzburgh; Rathdrum; Rexburg; Reynolds; Riverdale; Riverside; Rocky Bar; Rose; Ross Fork; Salmon; Salubria; Samaria; Saw Tooth; Shoshone; Silver City; Soda Springs; Soldier; Spring; Star; Toponis; Treasureton; Vienna; Wardner; Warren; Washoe; Weiser; Weston,,,record,no
directories1349,"Oregon, Washington and Idaho Gazetteer and Business Directory",Polk,1889,1889-1890,Albion; Almo; American Falls; Arco; Atlanta; Bannister; Basalt; Basin; Bayhorse; Beaver; Bellevue; Birch Creek; Blackfoot; Bloomington; Boise; Bonanza City; Bridge; Briggs; Broadford; Bruneau; Bullion; Burke; Caldwell; Camas; Cameron; Carey; Carriboo; Castle Creek; Centreville; Challis; Chesterfield; Clayton; Clifton; Coeur d'Alene; Conant; Cornwall; Cottonwood; Council; Crichton; Custer; Dairy; De Lamar; Delta; Dickey; Eagle Rock; Egin; Elba; Emmett; Era; Fairview; Falk's Store; Fish Haven; Franklin; Freedom; Genesee; Gentile Valley; Georgetown; Glenn's Ferry; Glenwood; Grangeville; Hailey; Hauser; Hope; Houston; Howe; Idaho City; Indian Valley; Jamestown; Jessie; Juliaetta; Junction; Kaintuck; Ketchum; Keuterville; Kingston; Kootenai; Lago; Lapham; Leland; Lewiston; Liberty; Littlefield; McAuley; Malad City; Malta; Marion; Martin; Mayfield; Meadows; Menan; Middle Valley; Middleton; Mineral; Mink Creek; Montpelier; Moscow; Mt. Idaho; Mountain Home; Mullan; Murray; Myrtle; Nampa; Nephur; Nocholia; Oakley; Oneida; Ovid; Oxford; Paris; Payette; Pend d'Oreille; Pierce; Pine; Pioneerville; Placerville; Pocatello; Post; Preston; Quartzburgh; Rathdrum; Reynolds; Riverdale; Rock Creek; Rockville; Rocky Bar; Ross Fork; Ruthburg; St. Anthony; St. Charles; St. Johns; Salmon; Salubria; Samaria; Saw Tooth; Shoshone; Silver City; Soda Springs; Soldier; Spring; Stanton; Swan Lake; Teton; Toponis; Viola; Wallace; Wardner; Warren; Washoe; Weippe; Weiser; Weston,,,record,no
directories1350,Idaho State Gazetteer and Business Directory,Polk,1903,1903-1904,Abbey; Ahsahka; Albion; Almo; Alpha; Alpine; Alton; American Falls; Archer; Arco,,,record,no
directories1351,Idaho State Gazetteer and Business Directory,Polk,1906,1906,Abbey; Ahsahka; Albion; Almo; American Falls; Anderson; Archer; Arco; Athol; Atlanta; Austin; Avon; Badger; Bancroft; Bannister; Bayhorse; Beach; Bellevue; Bellgrove; Bern; Black Bear; Blackfoot; Blacktail; Bloomington; Boise; Bonners Ferry; Bridge; Bruneau; Bryan; Burke; Burley; Butte City; Cabinet; Cache; Caldwell; Cambridge; Carey; Casto; Cataldo; Cavendish; Challis; Chesley; Clark Fork; Clarkia; Clayton; Clearwater; Clifton; Coeur d'Alene; Colburn; Collins; Concord; Copeland; Cora; Cottonwood; Council; Crawford; Culdesac; Dayton; De Lamar; Delta; Dempsey; Denver; Dingle; Dickey; Downey; Driggs; Dublin; Elk City; Elmira; Elo; Emida; Emmett; Fairburn; Farnum; Fernwood; Firth; Fletcher; Florence; Forney; Franklin; Fraser; Freedom; Freese; Fremont; Gem; Genesee; Georgetown; Gibbonsville; Gifford; Glen; Glenn's Ferry; Glenwood; Grangeville; Granite; Gray; Greer; Hayden; Hagerman; Hailey; Harpster; Harrison; Hatch; Hauser; Heath; Henry; Herman; Heyburn; Hope; Horseshoe Bend; Howe; Idaho City; Idaho Falls; Ilo; Iola; Iona; Iron Springs; Irwin; Island; Jansville; Juliaetta; Junction; Kamiah; Kaufman; Kellogg; Kendrick; Ketchum; Keuterville; Kimberly; Kingston; Kippen; Knott; Knox; Kooskia; Laclede; La Crosse; Lake; Landore; Lane; Lapwai; Lardo; Leesburg; Leigh; Leland; Lenore; Leorin; Lewiston; Lewisville; Liberty; Linden; Lookout; Lowe; Lowman; Lucile; Lund; Lyman; Lyon; Mace; Mackay; Malad City; Marion; Market Lake; Marysville; May; Meadows; Melrose; Menan; Meridian; Middleton; Milner; Mineral; Minidoka; Mink Creek; Mohler; Monitor; Montpelier; Moscow; Mountain Home; Mullan; Murray; Nampa; New Plymouth; Nezperce; Oakley; Ola; Orofino; Otis; Oxford; Paris; Parker; Parma; Payette; Pearl; Peck; Pierce; Pine; Placerville; Pocatello; Ponderay; Porthill; Post Falls; Preston; Priest River; Princeton; Rathdrum; Rexburg; Rigby; Rock Creek; Rockland; Rocky Bar; Roosevelt; Rudy; Russell; Sagle; St. Anthony; St. Charles; St. Maries; Salmon; Salubria; Sandpoint; Santa; Severance; Shelley; Shoshone; Silver City; Soda Springs; Southwick; Spalding; Squirrel; Star; Stites; Sugar City; Summit; Teton; Tilden; Troy; Twin Falls; Tyson; Vanwyck; Victor; Viola; Wallace; Wardner; Warren; Weippe; Weiser; Weston; Wilburus; Wilford; Winchester; Woodfell; Woodland; Yale,,,record,no
directories1352,"United States Government Telephone Directory, Idaho",phone book,1973,1973,Boise; Idaho Falls; Pocatello,,,record,no
directories1353,Moscow Pullman Palouse Local Business Directory,business directory,2022,2022,Moscow,,,record,no
directories1354,Moscow Pullman Palouse Local Business Directory,business directory,2023,2023,Moscow,,,record,no
directories1355,Moscow,phone book,1984,1984-1985,Moscow; Bovill; Deary; Elk River; Genesee; Potlatch,,,record,no
directories1356,Lewiston,telephone locator,1982,1982,Lewiston,,,record,no
directories1357,Lewiston,telephone locator,1979,1979,Lewiston,,,record,no
directories1358,Lewiston,telephone locator,1980,1980,Lewiston,,,record,no
directories1359,Lewiston,telephone locator,1977,1977,Lewiston,,,record,no
directories1360,Lewiston,telephone locator,1976,1976,Lewiston,,,record,no
directories1361,Southwest and Central Idaho Telephone Directory,phone book,1999,1999-2000,Cambridge; Council; Cuprum; Emmett; Fruitland; Homedale; Indian Valley; Marsing; Midvale; New Plymouth; Ola; Parma; Payette; Sweet; Weiser; Wilder; Cascade; McCall; Donnelly; Elk River; Garden Valley; Horseshoe Bend; New Meadows; Riggins; Warm Lake; Warren; White Bird; Yellow Pine,,,record,no
directories1362,North Idaho phone book,phone book,1990,1990-1991,Athol; Bayview; Coeur d'Alene; Dalton Gardens; Hayden; Hayden Lake; Post Falls; Rathdrum; Spirit Lake; Blanchard; Coolin; Oldtown; Priest Lake; Priest River; Bonners Ferry; Cocolalla; Colburn; Dover; Clark Fork; Eastport; Hope; Laclede; Moyie Springs; Naples; Ponderay; Porthill; Sagle; Samuels; Sandpoint; Troy; Cataldo; Enaville; Kellogg; Kingston; Mullan; Osburn; Pinehurst; Rose Lake; Silverton; Smelterville; Wallace; Avery; Calder; Clarkia; Desmet; Emida; Fernwood; Harrison; Medimont; Plummer; St. Maries; Santa; Tensed; Worley,,,record,no
directories1363,North Idaho phone book,phone book,2004,2004-2005,Albeni; Athol; Avery; Bayview; Blanchard; Bonners Ferry; Cataldo; Clark Fork; Clarkia; Cocolalla; Coeur d'Alene; Colburn; Coolin; Dalton Gardens; Desmet; Dover; East Hope; Eastport; Emida; Enaville; Fernwood; Hayden; Hayden Lake; Harrison; Hope; Kingston; Kootenai; Kellogg; Laclede; Lakeview; Medimont; Mullan; Moyie Springs; Naples; Nordman; Oldtown; Osburn; Pinehurst; Pend Oreille; Porthill; Post Falls; Plummer; Priest Lake; Priest River; Rathdrum; Rose Lake; Sagle; St. Maries; Samuels; Sandpoint; Silverton; Smelterville; Spirit Lake; Tensed; Wardner; Wallace; Worley,,,record,no
directories1364,Irwin,phone book,1973,1973,Irwin; Palisades; Swan Valley; Wayan; Henry,,,record,no
directories1365,Southern Idaho Regional Phone Book,phone book,1986,1986,Albion; Almo; Burley; Declo; Elma; Malta; Minidoka; Norland; Oakley; Paul; Raft River; Rupert,,,record,no
directories1366,Southern Idaho Regional Phone Book,phone book,1988,1988,Albion; Almo; Burley; Declo; Elma; Malta; Minidoka; Norland; Oakley; Paul; Raft River; Rupert,,,record,no
directories1367,Southern Idaho Regional Phone Book,phone book,1990,1990,Albion; Almo; Burley; Declo; Elma; Malta; Minidoka; Norland; Oakley; Paul; Raft River; Rupert,,,record,no
directories1368,Southern Idaho Regional Phone Book,phone book,1991,1991,Albion; Almo; Burley; Declo; Elma; Malta; Minidoka; Norland; Oakley; Paul; Raft River; Rupert,,,record,no
directories1369,Southern Idaho Regional Phone Book,phone book,1992,1992,Albion; Almo; Burley; Declo; Elma; Malta; Minidoka; Norland; Oakley; Paul; Raft River; Rupert,,,record,no
directories1370,"Newport, WA",phone book,1961,1961,Priest Lake; Priest River; Kalispell Bay; Outlet; Coolin; Lamb Creek; Reeder Bay; Luby Bay; Settlement; Springdale Gardens; Nordman,,,record,no
directories1371,"Newport, WA",phone book,1959,1959,Priest Lake; Priest River; Kalispell Bay; Outlet; Coolin; Lamb Creek; Reeder Bay; Luby Bay; Settlement; Springdale Gardens; Nordman,,,record,no
directories1372,"Newport, WA",phone book,1958,1958,Priest Lake; Priest River; Kalispell Bay; Outlet; Coolin; Lamb Creek; Reeder Bay; Luby Bay; Settlement; Springdale Gardens; Nordman,,,record,no
directories1373,"Newport, WA",phone book,1957,1957,Priest Lake; Priest River; Kalispell Bay; Outlet; Coolin; Lamb Creek; Reeder Bay; Luby Bay; Settlement; Springdale Gardens; Nordman,,,record,no
directories1374,"Newport, WA",phone book,1956,1956,Priest Lake; Priest River; Coolin; Nordman,,,record,no
directories1375,"Newport, WA",phone book,1955,1955,Priest Lake; Priest River; Coolin; Nordman,,,record,no
directories1376,"Newport, WA",phone book,1954,1954,Priest Lake; Priest River; Coolin; Nordman,,,record,no
directories1377,"Newport, WA",phone book,1953,1953,Priest Lake; Priest River; Coolin; Nordman,,,record,no
directories1378,"Newport, WA",phone book,1952,1952,Priest Lake; Priest River; Coolin; Nordman,,,record,no
directories1379,"Newport, WA",phone book,1951,1951,Priest Lake; Priest River; Coolin; Nordman,,,record,no
directories1380,"Newport, WA",phone book,1950,1950,Priest River; Coolin; Luby Bay,,,record,no
directories1381,"Newport, WA",phone book,1948,1948,Priest River; Coolin; Luby Bay,,,record,no
directories1382,"Newport, WA",phone book,1947,1947,Priest River; Coolin; Luby Bay,,,record,no
directories1383,"Newport, WA",phone book,1946,1946,Priest River; Luby Bay,,,record,no
